/*
 Navicat Premium Dump SQL

 Source Server         : 111
 Source Server Type    : MySQL
 Source Server Version : 90600 (9.6.0)
 Source Host           : localhost:3307
 Source Schema         : ai_chat

 Target Server Type    : MySQL
 Target Server Version : 90600 (9.6.0)
 File Encoding         : 65001

 Date: 26/06/2026 12:14:54
*/

SET NAMES utf8mb4;
SET FOREIGN_KEY_CHECKS = 0;

-- ----------------------------
-- Table structure for conversations
-- ----------------------------
DROP TABLE IF EXISTS `conversations`;
CREATE TABLE `conversations`  (
  `id` int NOT NULL AUTO_INCREMENT,
  `user_id` int NOT NULL,
  `title` varchar(200) CHARACTER SET utf8mb4 COLLATE utf8mb4_unicode_ci NULL DEFAULT '新对话',
  `created_at` datetime NULL DEFAULT CURRENT_TIMESTAMP,
  `updated_at` datetime NULL DEFAULT CURRENT_TIMESTAMP ON UPDATE CURRENT_TIMESTAMP,
  `knowledge_base_ids_json` longtext CHARACTER SET utf8mb4 COLLATE utf8mb4_unicode_ci NULL,
  PRIMARY KEY (`id`) USING BTREE,
  INDEX `user_id`(`user_id` ASC) USING BTREE,
  CONSTRAINT `conversations_ibfk_1` FOREIGN KEY (`user_id`) REFERENCES `users` (`id`) ON DELETE CASCADE ON UPDATE RESTRICT
) ENGINE = InnoDB AUTO_INCREMENT = 39 CHARACTER SET = utf8mb4 COLLATE = utf8mb4_unicode_ci ROW_FORMAT = Dynamic;

-- ----------------------------
-- Records of conversations
-- ----------------------------
INSERT INTO `conversations` VALUES (3, 2, '试例子', '2026-05-25 16:49:54', '2026-06-01 06:32:54', NULL);
INSERT INTO `conversations` VALUES (4, 2, '你是谁?', '2026-05-26 02:27:10', '2026-06-21 03:05:32', '[]');
INSERT INTO `conversations` VALUES (5, 2, '用Python写一个快速排序算法', '2026-05-26 05:30:46', '2026-05-26 05:31:01', NULL);
INSERT INTO `conversations` VALUES (6, 2, '[知识库: 33]\n\n---\n\n提取一下这个文档', '2026-06-01 06:33:51', '2026-06-01 06:33:56', NULL);
INSERT INTO `conversations` VALUES (7, 2, '[知识库: 22]\n\n---\n\n提取这个文档内容', '2026-06-04 03:20:22', '2026-06-04 03:20:39', NULL);
INSERT INTO `conversations` VALUES (8, 2, '[知识库: 1]\n\n---\n\n读取这个文档', '2026-06-04 04:44:26', '2026-06-04 04:44:38', NULL);
INSERT INTO `conversations` VALUES (9, 2, '写一首关于秋天的诗', '2026-06-04 05:23:47', '2026-06-04 05:24:01', NULL);
INSERT INTO `conversations` VALUES (10, 2, '解释一下什么是机器学习', '2026-06-04 08:25:59', '2026-06-04 08:26:48', NULL);
INSERT INTO `conversations` VALUES (13, 2, '读取这个文档的内容', '2026-06-06 05:47:50', '2026-06-06 05:49:03', NULL);
INSERT INTO `conversations` VALUES (15, 10, '????????', '2026-06-06 07:08:58', '2026-06-06 07:09:01', '[\"7693e1c2-c1dd-4e8f-b9a6-ebb112949c34\"]');
INSERT INTO `conversations` VALUES (16, 10, 'M200的电池容量是多少？', '2026-06-06 07:17:20', '2026-06-06 07:17:24', '[\"e3113eb5-8a78-469b-8754-100dd3ac3478\"]');
INSERT INTO `conversations` VALUES (17, 2, '读取这些文档内容', '2026-06-06 07:43:28', '2026-06-06 07:43:32', '[\"a2d47e7e-87a5-432e-afd2-c6c24d8bf33e\"]');
INSERT INTO `conversations` VALUES (18, 2, '读取这个知识库的内容', '2026-06-06 07:44:52', '2026-06-06 07:44:58', '[\"a2d47e7e-87a5-432e-afd2-c6c24d8bf33e\"]');
INSERT INTO `conversations` VALUES (19, 2, '读取这个图片的内容', '2026-06-06 07:45:25', '2026-06-06 07:46:18', '[]');
INSERT INTO `conversations` VALUES (20, 2, '你是谁?', '2026-06-10 07:46:32', '2026-06-10 12:32:16', '[]');
INSERT INTO `conversations` VALUES (21, 12, '??', '2026-06-10 08:35:52', '2026-06-10 08:35:52', '[]');
INSERT INTO `conversations` VALUES (22, 12, '??', '2026-06-10 08:37:19', '2026-06-10 08:37:19', '[]');
INSERT INTO `conversations` VALUES (23, 2, '读取这些文档', '2026-06-10 12:50:12', '2026-06-10 12:50:17', '[\"a2d47e7e-87a5-432e-afd2-c6c24d8bf33e\"]');
INSERT INTO `conversations` VALUES (24, 12, '?????????', '2026-06-10 12:58:10', '2026-06-10 12:58:17', '[]');
INSERT INTO `conversations` VALUES (25, 12, '今天北京天气怎么样', '2026-06-10 13:05:00', '2026-06-10 13:05:18', '[]');
INSERT INTO `conversations` VALUES (26, 2, '最新的新闻是什么?', '2026-06-10 13:07:19', '2026-06-10 13:07:34', '[]');
INSERT INTO `conversations` VALUES (27, 2, '这几天最新的新闻是什么?', '2026-06-21 03:07:15', '2026-06-21 03:07:29', '[]');
INSERT INTO `conversations` VALUES (28, 2, '读取这些文档', '2026-06-21 03:09:52', '2026-06-21 03:09:55', '[\"a2d47e7e-87a5-432e-afd2-c6c24d8bf33e\"]');
INSERT INTO `conversations` VALUES (29, 2, '读取这些文档', '2026-06-21 03:10:31', '2026-06-21 03:11:17', '[\"a2d47e7e-87a5-432e-afd2-c6c24d8bf33e\"]');
INSERT INTO `conversations` VALUES (31, 14, '问', '2026-06-21 04:55:23', '2026-06-21 04:55:40', '[]');
INSERT INTO `conversations` VALUES (32, 14, '哈喽', '2026-06-21 04:55:50', '2026-06-21 04:57:22', '[]');
INSERT INTO `conversations` VALUES (33, 14, '读取我这库的内容?', '2026-06-21 04:58:57', '2026-06-21 04:59:00', '[\"3354ccbc-ec69-4939-b133-648140d674e4\"]');
INSERT INTO `conversations` VALUES (34, 14, '读取我这个库的内容', '2026-06-21 05:00:07', '2026-06-21 05:00:11', '[\"3354ccbc-ec69-4939-b133-648140d674e4\"]');
INSERT INTO `conversations` VALUES (35, 2, '读取这张图片五千多', '2026-06-25 12:19:00', '2026-06-25 12:19:36', '[]');
INSERT INTO `conversations` VALUES (36, 2, '读取这个知识库', '2026-06-25 12:20:46', '2026-06-25 12:21:34', '[\"2cb41af7-af7d-4b27-9404-bef621770b59\"]');
INSERT INTO `conversations` VALUES (37, 2, '最近几天的新闻', '2026-06-25 12:21:59', '2026-06-25 12:22:14', '[]');
INSERT INTO `conversations` VALUES (38, 2, '读取这个ppt', '2026-06-25 12:23:53', '2026-06-25 12:24:33', '[]');

-- ----------------------------
-- Table structure for kb_chunks
-- ----------------------------
DROP TABLE IF EXISTS `kb_chunks`;
CREATE TABLE `kb_chunks`  (
  `id` varchar(96) CHARACTER SET utf8mb4 COLLATE utf8mb4_0900_ai_ci NOT NULL,
  `document_id` varchar(36) CHARACTER SET utf8mb4 COLLATE utf8mb4_0900_ai_ci NOT NULL,
  `collection_id` varchar(36) CHARACTER SET utf8mb4 COLLATE utf8mb4_0900_ai_ci NOT NULL,
  `user_id` int NOT NULL,
  `chunk_index` int NOT NULL,
  `content` mediumtext CHARACTER SET utf8mb4 COLLATE utf8mb4_0900_ai_ci NOT NULL,
  `content_hash` char(64) CHARACTER SET utf8mb4 COLLATE utf8mb4_0900_ai_ci NOT NULL,
  `locator_json` json NULL,
  `token_count` int NOT NULL DEFAULT 0,
  `created_at` datetime NULL DEFAULT CURRENT_TIMESTAMP,
  PRIMARY KEY (`id`) USING BTREE,
  UNIQUE INDEX `uq_kb_document_chunk`(`document_id` ASC, `chunk_index` ASC) USING BTREE,
  INDEX `idx_kb_chunks_collection`(`user_id` ASC, `collection_id` ASC) USING BTREE,
  FULLTEXT INDEX `ft_kb_chunk_content`(`content`)
) ENGINE = InnoDB CHARACTER SET = utf8mb4 COLLATE = utf8mb4_0900_ai_ci ROW_FORMAT = Dynamic;

-- ----------------------------
-- Records of kb_chunks
-- ----------------------------
INSERT INTO `kb_chunks` VALUES ('0ce14e9e-b98d-4fc8-beb7-f5c6968092ed:v1:0:de45c36e8ec0dbdf', '0ce14e9e-b98d-4fc8-beb7-f5c6968092ed', 'e3113eb5-8a78-469b-8754-100dd3ac3478', 10, 0, '火星计划M200的电池容量为8000mAh，标准售价2999元。', 'de45c36e8ec0dbdf306e0bb3294349af9ccd7f19ca597606ff0f105bb29fef5f', '{\"section\": \"M200规格\"}', 32, '2026-06-06 07:16:54');
INSERT INTO `kb_chunks` VALUES ('0db7a891-7bcb-44ed-ab0d-7b4d25ea6160:v1:0:0d676d4873fb91a0', '0db7a891-7bcb-44ed-ab0d-7b4d25ea6160', '187e1d8c-0d57-419b-b495-7560a4f184c2', 2, 0, '˿ͱ	Ѷ	ƽѶ	״	Ѷ׼	ƽ	ߵ	͵	ܹ	ƽ	Ծ·	Ծ	ԾСʱ	Ҫ	Ʒ	KMeans_Cluster	ͻֵ	DBSCAN_Cluster\n15039.0	2329.78	18.34472440944882	127	33.075313693380295	3.2426771653543307	16.95	0.12	896	7.05511811023622	12	5	5	United Kingdom	100	0	0.01828488501780127	0\n12921.0	2091.25	22.98076923076923	91	13.267445138866053	2.789230769230769	9.95	0.65	1021	11.219780219780219	11	6	8	United Kingdom	71	0	0.014466331108986256	0\n14769.0	991.27	9.011545454545454	110	9.379041850318453	2.6545454545454548	14.95	0.39	689	6.263636363636364	7	5	4	United Kingdom	107	0	0.013951935949846431	0\n16033.0	958.3	8.261206896551723	116	6.665590049249031	3.814137931034483	24.95	0.29	352	3.0344827586206895	12	5	5	United Kingdom	105	0	0.013822703029567049	0\n14796.0	884.5600000000001	6.9106250000000005	128	9.760909563755364	2.000078125	12.75	0.19	645	5.0390625	12	5	6	United Kingdom	93	0	0.0129271653089631	0\n16671.0	816.0	816.0	1		2.55	2.55	2.55	320	320.0	1	1	1	United Kingdom	1	0	0.002834572955436937	1\n16737.0	417.59999999999997	417.59999999999997	1		1.45	1.45	1.45	288	288.0	1	1	1	United Kingdom	1	0	0.0014988255313272726	1\n12798.0	244.79999999999998	244.79999999999998	1		0.85	0.85	0.85	288	288.0	1	1	1	Japan	1	0	0.0009194652027977798	1\n13099.0	207.35999999999999	207.35999999999999	1		0.72	0.72	0.72	288	288.0	1	1	1	United Kingdom	1	0	0.0007939371316163896	1', '0d676d4873fb91a0c031ec40c10dd88417b2164202ab3dadb421300f2b2c4c86', '{\"sheet\": \"source\", \"row_end\": 10, \"row_start\": 2}', 345, '2026-06-21 03:11:42');
INSERT INTO `kb_chunks` VALUES ('15209a4a-5922-49f3-b7cb-dbfb3be0cd47:v1:0:25dd88dab6418b86', '15209a4a-5922-49f3-b7cb-dbfb3be0cd47', 'a2d47e7e-87a5-432e-afd2-c6c24d8bf33e', 2, 0, '# 11\n\n**5. 文件上传 + 分析（核心差异化）**\n\n用户上传 PDF、Word、Excel，AI 直接分析。这结合你已有的 RAG 体系，是最大亮点。\n\njava\n\n```java\n// 后端接收文件，动态写入向量库\n@PostMapping(\"/upload\")\npublic Result<?> uploadDocument(@RequestParam MultipartFile file,\n                                 @RequestParam String sessionId) {\n    // 解析文件 → 切片 → 向量化 → 存入用户专属的 Redis namespace\n}\n```\n\n**6. 知识库管理页面**\n\n让用户自己上传文档建立私有知识库，这是 ChatGPT 免费版没有的功能。\n\n```\n我的知识库\n├── 公司规章制度.pdf  ✓\n├── 产品手册v2.docx  ✓\n└── 竞品分析报告.xlsx ✓\n\n[+ 上传文档]\n```\n\n**7. 提示词模板市场**\n\n预设场景模板，降低用户使用门槛：\n\n```\n📝 合同审查    🔍 竞品分析\n📊 数据解读    💡 头脑风暴\n📧 邮件撰写    🐛 代码调试\n```\n\n**8. 对话分享**\n\n生成分享链接，让用户把好的对话分享给同事，这是增长的关键。\n\n------', '25dd88dab6418b86498875c43f980420981533dbbeb9c41db0fa5fa19356733d', '{\"section\": \"11\"}', 334, '2026-06-21 03:10:15');
INSERT INTO `kb_chunks` VALUES ('15209a4a-5922-49f3-b7cb-dbfb3be0cd47:v1:1:c0b44c2f2408daaa', '15209a4a-5922-49f3-b7cb-dbfb3be0cd47', 'a2d47e7e-87a5-432e-afd2-c6c24d8bf33e', 2, 1, '### 第三阶段：商业化功能（4-6个月）\n\n**9. 积分/会员体系**\n\n```\n免费版：每天 20 次对话，不能上传文件\nPro版：无限对话 + 文件上传 + 私有知识库\n企业版：私有部署 + API 接入 + 多人协作\n```\n\n**10. 团队协作**\n\n共享知识库、共享对话、@同事，打企业内部工具市场。\n\n**11. API 开放**\n\n让开发者调用你的服务，收 Token 费用。\n\n------', 'c0b44c2f2408daaac7a82ecce11390d2402e1b7c7a2c95447ce93649836eeb47', '{\"section\": \"第三阶段：商业化功能（4-6个月）\"}', 157, '2026-06-21 03:10:15');
INSERT INTO `kb_chunks` VALUES ('15209a4a-5922-49f3-b7cb-dbfb3be0cd47:v1:2:bf7b901397ceab21', '15209a4a-5922-49f3-b7cb-dbfb3be0cd47', 'a2d47e7e-87a5-432e-afd2-c6c24d8bf33e', 2, 2, '## 四、技术优化清单\n\n**后端优化**\n\n| 问题           | 当前状况             | 优化方案                                   |\n| -------------- | -------------------- | ------------------------------------------ |\n| 流式响应编码   | 可能有乱码           | 明确设置 `text/event-stream;charset=UTF-8` |\n| 没有限流       | 单用户可打爆服务     | 加 Redis 限流，每分钟最多 20 次            |\n| 向量库每次重建 | `store()` 方法被注释 | 启动时检查是否已有数据，有则跳过           |\n| 没有异常监控   | 出错只打日志         | 接入 Sentry 或钉钉/企微告警                |\n\n**前端优化**\n\n| 问题             | 优化方案                           |\n| ---------------- | ---------------------------------- |\n| 无 Markdown 渲染 | 引入 marked + highlight.js         |\n| 打字机效果卡顿   | 当前逐字符显示性能差，改为逐词显示 |\n| 无骨架屏         | 加载时显示骨架，减少白屏感知       |\n| 不支持移动端     | 响应式布局适配，或做 PWA           |\n\n------', 'bf7b901397ceab21a8dece29586bbada035a9eb5606485076f7ec786bfc42aa1', '{\"section\": \"四、技术优化清单\"}', 394, '2026-06-21 03:10:15');
INSERT INTO `kb_chunks` VALUES ('15209a4a-5922-49f3-b7cb-dbfb3be0cd47:v1:3:837ab7d6024abe14', '15209a4a-5922-49f3-b7cb-dbfb3be0cd47', 'a2d47e7e-87a5-432e-afd2-c6c24d8bf33e', 2, 3, '## 五、最重要的一点\n\n技术只是门槛，**真正留住用户靠的是垂直场景的数据积累**。\n\n你喂进 RAG 的专业文档质量，决定了你的产品天花板。ChatGPT 的通用性是它的优势，也是它的弱点——它不会比一个喂了 10000 份行业合同的法律 AI 更懂法律。\n\n**建议的最小闭环路径：**\n\n选一个垂直领域 → 收集该领域高质量文档 → 喂入知识库 → 做好 Markdown 渲染和对话历史 → 找 20 个目标用户内测 → 根据反馈迭代\n\n这条路走通了，比做一个功能和 ChatGPT 一模一样但质量差一半的通用产品，更有商业价值。', '837ab7d6024abe1486ff93369dd595ce80d6aebf8fbeedc1bfc502f2787443fb', '{\"section\": \"五、最重要的一点\"}', 209, '2026-06-21 03:10:15');
INSERT INTO `kb_chunks` VALUES ('16336868-3c7b-4c5f-a28a-8c463190bb75:v1:0:5a87252533d8a1dd', '16336868-3c7b-4c5f-a28a-8c463190bb75', 'ecd72e4c-2af0-4bd7-920d-e9dac913fb3e', 14, 0, 'BU39H-WRAM0-ITY3R-KI9FV-HNE0J-RXA64\n\ngithub上传全流程\necho \"# ros_ai\" >> README.md\ngit init\ngit add .\ngit commit -m \"first commit\"\ngit branch -M main\n git remote add origin https://github.com/Kb-LLL/ros_ai.git\ngit push -u origin main', '5a87252533d8a1dddf0578def05c5e64f7850f8f633b401fef7305d64fcb7ef5', '{\"section\": null}', 70, '2026-06-21 04:59:32');
INSERT INTO `kb_chunks` VALUES ('16336868-3c7b-4c5f-a28a-8c463190bb75:v1:1:46744296c2be4fe9', '16336868-3c7b-4c5f-a28a-8c463190bb75', 'ecd72e4c-2af0-4bd7-920d-e9dac913fb3e', 14, 1, '# 删除远程绑定\ngit remote remove origin', '46744296c2be4fe98fb73e053bd3f53b4011445d92f7e26fcbbac40607bba672', '{\"section\": \"删除远程绑定\"}', 11, '2026-06-21 04:59:32');
INSERT INTO `kb_chunks` VALUES ('16336868-3c7b-4c5f-a28a-8c463190bb75:v1:2:bd9230ff2a396cfb', '16336868-3c7b-4c5f-a28a-8c463190bb75', 'ecd72e4c-2af0-4bd7-920d-e9dac913fb3e', 14, 2, '# 强制推送\ngit push -f origin main', 'bd9230ff2a396cfbcfe003304ec62f5694cd127caf353707b40482a5dd03a0c6', '{\"section\": \"强制推送\"}', 11, '2026-06-21 04:59:32');
INSERT INTO `kb_chunks` VALUES ('1a226d28-4a18-42a4-830b-9b326dc20d91:v1:0:9e8fa0885f584de9', '1a226d28-4a18-42a4-830b-9b326dc20d91', '3354ccbc-ec69-4939-b133-648140d674e4', 14, 0, '# python数据分析', '9e8fa0885f584de9717bb95bed99bf8fb487f38686bfa24576fa16a974006091', '{\"section\": \"python数据分析\"}', 6, '2026-06-21 04:59:06');
INSERT INTO `kb_chunks` VALUES ('1a226d28-4a18-42a4-830b-9b326dc20d91:v1:1:44f125a26fea7ad3', '1a226d28-4a18-42a4-830b-9b326dc20d91', '3354ccbc-ec69-4939-b133-648140d674e4', 14, 1, '## SQL介绍\n\n![](E:\\人工智能\\Snipaste_2026-04-09_21-26-22.png)', '44f125a26fea7ad38315f9f43912576a732294f4cc8619c7e530d49f91fad47b', '{\"section\": \"SQL介绍\"}', 29, '2026-06-21 04:59:06');
INSERT INTO `kb_chunks` VALUES ('1a226d28-4a18-42a4-830b-9b326dc20d91:v1:10:b4841867f7e8a9e4', '1a226d28-4a18-42a4-830b-9b326dc20d91', '3354ccbc-ec69-4939-b133-648140d674e4', 14, 10, '## Anaconda\n\n![](E:\\人工智能\\Snipaste_2026-04-13_23-20-45.png)\n\nanaconda包管理功能-可以通过命令安装\n\n![](E:\\人工智能\\Snipaste_2026-04-14_10-05-06.png)\n\n![](E:\\人工智能\\Snipaste_2026-04-14_11-20-10.png)', 'b4841867f7e8a9e451f7f0ef7e71995fc3dcac09b933d0ae86dabda32928b826', '{\"section\": \"Anaconda\"}', 90, '2026-06-21 04:59:06');
INSERT INTO `kb_chunks` VALUES ('1a226d28-4a18-42a4-830b-9b326dc20d91:v1:100:3ab53b3a73a9a1cc', '1a226d28-4a18-42a4-830b-9b326dc20d91', '3354ccbc-ec69-4939-b133-648140d674e4', 14, 100, '#### cart数  (又把他分为分类回归决策树)\n\nClassification and Regression Tree\n\n**基尼指数**:各个分类占比*基尼值累加起来就是基尼指数\n\ncart模型是一种决策树模型,它既可以用于分类,也可以用于回归\n\ncart回归树使用**平方误差最小化**策略\n\ncart分类生成树采用的**基尼指数最小化**策略\n\n基尼值越小越好,越小说明数据越集中,越大说明数据越混乱\n\n![](E:\\人工智能\\Snipaste_2026-06-10_23-54-22.png)\n\n基尼值全是套用公式来算\n$$\n1-1^2就是1-10/10\n$$\n10/10就是全是红色的类,抽哪个都是红色的\n$$\n1-0.5^2-0.5^2就是1-5/10-5/10\n$$\n5/10就是5个红色的类和5个蓝色的类,累加起来\n\n后面有其他的类一样算平方和累加\n\n![](E:\\人工智能\\Snipaste_2026-06-11_23-33-37.png)\n\n4.计算年收入特征列的基尼值指数\n\n![](E:\\人工智能\\Snipaste_2026-06-12_00-13-39.png)\n\n![](E:\\人工智能\\Snipaste_2026-06-12_00-23-15.png)\n\ncart树的决策树的作用?\n\n分类和回归\n\n基尼指数的作用?\n\n特征筛选，基尼指数值越小，则说明优先选择该特征\n\n基尼指数是cart算法中用于划分属性的重要依据\n\n三种分类树的对比\n\n![](E:\\人工智能\\Snipaste_2026-06-13_13-10-58.png)', '3ab53b3a73a9a1cc3ea9d08d0463811fde55959dea95010d4f134c0f9f6da053', '{\"section\": \"cart数  (又把他分为分类回归决策树)\"}', 472, '2026-06-21 04:59:06');
INSERT INTO `kb_chunks` VALUES ('1a226d28-4a18-42a4-830b-9b326dc20d91:v1:11:dfa9ca3aa2b6eb4b', '1a226d28-4a18-42a4-830b-9b326dc20d91', '3354ccbc-ec69-4939-b133-648140d674e4', 14, 11, '## jupyter notebook', 'dfa9ca3aa2b6eb4bd01918126987b4d46f744c7b5f48e550d0c52c413d41dc1f', '{\"section\": \"jupyter notebook\"}', 4, '2026-06-21 04:59:06');
INSERT INTO `kb_chunks` VALUES ('1a226d28-4a18-42a4-830b-9b326dc20d91:v1:12:105f5d49842dd9d1', '1a226d28-4a18-42a4-830b-9b326dc20d91', '3354ccbc-ec69-4939-b133-648140d674e4', 14, 12, '### 常用快捷键\n\n命令模式,按esc进入\n\n![](E:\\人工智能\\Snipaste_2026-04-14_12-00-11.png)\n\n编辑模式\n\n![](E:\\人工智能\\Snipaste_2026-04-14_12-04-20.png)\n\n![](E:\\人工智能\\Snipaste_2026-04-14_12-06-48.png)\n\n功能扩展\n\n![](E:\\人工智能\\Snipaste_2026-04-14_12-07-33.png)', '105f5d49842dd9d13a576fcb2289e8e8bd21a2aab0944e66cd3e732985c317fb', '{\"section\": \"常用快捷键\"}', 121, '2026-06-21 04:59:06');
INSERT INTO `kb_chunks` VALUES ('1a226d28-4a18-42a4-830b-9b326dc20d91:v1:13:40c23e95adbc57a4', '1a226d28-4a18-42a4-830b-9b326dc20d91', '3354ccbc-ec69-4939-b133-648140d674e4', 14, 13, '### numpy内置基本函数\n\n![](E:\\人工智能\\Snipaste_2026-04-14_23-48-41.png)', '40c23e95adbc57a4ce7fbd624ca9b4f7449bc6225b124789b7c2ae693607b244', '{\"section\": \"numpy内置基本函数\"}', 34, '2026-06-21 04:59:06');
INSERT INTO `kb_chunks` VALUES ('1a226d28-4a18-42a4-830b-9b326dc20d91:v1:14:7e0e879977d89efc', '1a226d28-4a18-42a4-830b-9b326dc20d91', '3354ccbc-ec69-4939-b133-648140d674e4', 14, 14, '### numpy统计函数\n\n![](E:\\人工智能\\Snipaste_2026-04-15_22-53-22.png)', '7e0e879977d89efc47fdc75300e6227186789fc0b6584db091be853e1312ebb3', '{\"section\": \"numpy统计函数\"}', 32, '2026-06-21 04:59:06');
INSERT INTO `kb_chunks` VALUES ('1a226d28-4a18-42a4-830b-9b326dc20d91:v1:15:b6d87fd4d4ca3379', '1a226d28-4a18-42a4-830b-9b326dc20d91', '3354ccbc-ec69-4939-b133-648140d674e4', 14, 15, '## Series\n\nPandas 里的**一维数据结构**\n\n可以理解成：**带索引的一列数据**（像 Excel 里的**一列**）', 'b6d87fd4d4ca3379e066693899293f5331020c00e467cf5b97f43e17d61b885b', '{\"section\": \"Series\"}', 46, '2026-06-21 04:59:06');
INSERT INTO `kb_chunks` VALUES ('1a226d28-4a18-42a4-830b-9b326dc20d91:v1:16:89cbf4f57ec423b0', '1a226d28-4a18-42a4-830b-9b326dc20d91', '3354ccbc-ec69-4939-b133-648140d674e4', 14, 16, '## pandas的数据类型\n\n```', '89cbf4f57ec423b0d34b981a8da1c00bbaa0037ad9632e5f98a5c93467ac21de', '{\"section\": \"pandas的数据类型\"}', 11, '2026-06-21 04:59:06');
INSERT INTO `kb_chunks` VALUES ('1a226d28-4a18-42a4-830b-9b326dc20d91:v1:17:f3940511358b20d0', '1a226d28-4a18-42a4-830b-9b326dc20d91', '3354ccbc-ec69-4939-b133-648140d674e4', 14, 17, '# Pandas中的数据类型几乎和Python中是一致的, 只不过有几个不太一样.', 'f3940511358b20d0619af52050a48e1dc39fd88b91730fc7244eba656723d7a3', '{\"section\": \"Pandas中的数据类型几乎和Python中是一致的, 只不过有几个不太一样.\"}', 29, '2026-06-21 04:59:06');
INSERT INTO `kb_chunks` VALUES ('1a226d28-4a18-42a4-830b-9b326dc20d91:v1:18:2345bfde96bf137d', '1a226d28-4a18-42a4-830b-9b326dc20d91', '3354ccbc-ec69-4939-b133-648140d674e4', 14, 18, '# 例如: Python: str -> Pandas: object,  Python: None -> Pandas: nan,NAN,NaN,', '2345bfde96bf137d9e4ea7e804609c64151871896dfc7975fe98ac5c4c13eeb6', '{\"section\": \"例如: Python: str -> Pandas: object,  Python: None -> Pandas: nan,NAN,NaN,\"}', 26, '2026-06-21 04:59:06');
INSERT INTO `kb_chunks` VALUES ('1a226d28-4a18-42a4-830b-9b326dc20d91:v1:19:3cbb71c800094d72', '1a226d28-4a18-42a4-830b-9b326dc20d91', '3354ccbc-ec69-4939-b133-648140d674e4', 14, 19, '# Pandas还支持category分类类型, 针对于分类数据操作更快, 更节省内存.\n```\n\n**把数据里的空值（缺失值），用【该列的平均值】填充进去**\n\n让数据变完整，方便后续计算、画图、建模。\n\n------', '3cbb71c800094d723bbc20994927f48c663eb61dcc4e7e05baf3d09af3de7835', '{\"section\": \"Pandas还支持category分类类型, 针对于分类数据操作更快, 更节省内存.\"}', 88, '2026-06-21 04:59:06');
INSERT INTO `kb_chunks` VALUES ('1a226d28-4a18-42a4-830b-9b326dc20d91:v1:2:f8b8d40ca46bce67', '1a226d28-4a18-42a4-830b-9b326dc20d91', '3354ccbc-ec69-4939-b133-648140d674e4', 14, 2, '## DDL,操作数据库,数据库,数据表,字段\n\n![](E:\\人工智能\\Snipaste_2026-04-09_22-01-06.png)\n\n实际开发数据库得预留2-7个字段\n\n![](E:\\人工智能\\Snipaste_2026-04-09_23-28-54.png)\n\n![](E:\\人工智能\\Snipaste_2026-04-11_13-36-11.png)\n\n![](E:\\人工智能\\Snipaste_2026-04-11_13-40-36.png)', 'f8b8d40ca46bce675c87e05edab3bd3419f8349944533ec507b767bc139973f5', '{\"section\": \"DDL,操作数据库,数据库,数据表,字段\"}', 132, '2026-06-21 04:59:06');
INSERT INTO `kb_chunks` VALUES ('1a226d28-4a18-42a4-830b-9b326dc20d91:v1:20:8a39b7d85326671e', '1a226d28-4a18-42a4-830b-9b326dc20d91', '3354ccbc-ec69-4939-b133-648140d674e4', 14, 20, '# 填充缺失值.\n\n```', '8a39b7d85326671e31ee288b0795dbad09f8a22501354bbc88b903d48de14be9', '{\"section\": \"填充缺失值.\"}', 10, '2026-06-21 04:59:06');
INSERT INTO `kb_chunks` VALUES ('1a226d28-4a18-42a4-830b-9b326dc20d91:v1:21:7e69af65749cb44a', '1a226d28-4a18-42a4-830b-9b326dc20d91', '3354ccbc-ec69-4939-b133-648140d674e4', 14, 21, '# 写法2: 填充 每列的平均值.\n```\n\n用**平均值填充空值**。\n\n```\nmovie_df[\'Revenue (Millions)\'].fillna(\n    movie_df[\'Revenue (Millions)\'].mean(),\n    inplace=True\n)\n```', '7e69af65749cb44add93eb12b00f6ddb14b0aa2c8379501b600d1fbc23b049ea', '{\"section\": \"写法2: 填充 每列的平均值.\"}', 66, '2026-06-21 04:59:06');
INSERT INTO `kb_chunks` VALUES ('1a226d28-4a18-42a4-830b-9b326dc20d91:v1:22:93763bd80d1da962', '1a226d28-4a18-42a4-830b-9b326dc20d91', '3354ccbc-ec69-4939-b133-648140d674e4', 14, 22, '### 意思：\n\n1. ```\n   movie_df[\'Revenue (Millions)\']\n   ```\n\n   → 选中 票房收入（百万）这一列\n\n2. ```\n   .fillna(...)\n   ```\n\n   → 填充这一列里的 空值（NaN）\n\n3. ```\n   movie_df[\'Revenue (Millions)\'].mean()\n   ```\n\n   → 用 这一列自己的平均值去填充空值\n\n4. ```\n   inplace=True\n   ```\n\n   → 直接修改原数据，不用重新赋值', '93763bd80d1da962e90c9504347f27009c24864c4bfd17444bda74a4310d9d50', '{\"section\": \"意思：\"}', 128, '2026-06-21 04:59:06');
INSERT INTO `kb_chunks` VALUES ('1a226d28-4a18-42a4-830b-9b326dc20d91:v1:23:84674e2766ba5082', '1a226d28-4a18-42a4-830b-9b326dc20d91', '3354ccbc-ec69-4939-b133-648140d674e4', 14, 23, '# 机器学习', '84674e2766ba5082ea42f5d432001ab1cc3c4721fe7e771d0c54d183e1efac8d', '{\"section\": \"机器学习\"}', 5, '2026-06-21 04:59:06');
INSERT INTO `kb_chunks` VALUES ('1a226d28-4a18-42a4-830b-9b326dc20d91:v1:24:424359e53e16a6b8', '1a226d28-4a18-42a4-830b-9b326dc20d91', '3354ccbc-ec69-4939-b133-648140d674e4', 14, 24, '## 基础名词概念\n\n什么叫样本,一条数据叫样本\n\n什么叫特征,我分析的字段就叫特征\n\n什么叫标签,我要的结果字段就叫标签\n\n什么训练集,给模型训练的时候用的\n\n什么叫测试集,测试结果用的\n\n训练集和测试集占比  7:3 或者 8:2      一般7:3比较多\n\n![](E:\\人工智能\\Snipaste_2026-04-18_21-47-20.png)\n\n有监督学习:有特征有标签\n\n无监督学习:有特征无标签\n\n半监督学习:部分内容打标记,让程序进行打过标记来进行训练\n部分有标签,部分没有标签\n\n建模流程\n\n![](E:\\人工智能\\Snipaste_2026-04-18_22-04-35.png)\n\nai:用计算机模拟人脑,让计算机能够像人类一样理性的思考,行动\n\n机器学习:先训练再预测\n\n机器学习(Machine Learning)(ML):机器自动学习,不是人为规则编程\n\n深度学习(Deep Learning)(DL):大脑仿生,设计一层一层的神经元模拟万事万物\n\n![](E:\\人工智能\\Snipaste_2026-04-19_20-18-00.png)\n\n![](E:\\人工智能\\Snipaste_2026-04-19_20-46-13.png)\n\nAI、ML、DL三者之间的关系\n\n机器学习是实现人工智能的一种途径\n\n深度学习是机器学习的一种方法发展而来的\n\n算法的学习方式有2种\n\n基于规则的学习\n\n基于模型的学习\n\nAIGC:就是用ai生成各种内容\n\nG是生成的意思\n\nC是内容的意思\n\n![](E:\\人工智能\\Snipaste_2026-04-28_17-26-18.png)', '424359e53e16a6b826cf3d5dd6e475dc8bfcbc5d5d5247bcb23b93868e230681', '{\"section\": \"基础名词概念\"}', 494, '2026-06-21 04:59:06');
INSERT INTO `kb_chunks` VALUES ('1a226d28-4a18-42a4-830b-9b326dc20d91:v1:25:ce50137b265de7e7', '1a226d28-4a18-42a4-830b-9b326dc20d91', '3354ccbc-ec69-4939-b133-648140d674e4', 14, 25, '## 有监督学习\n\n有监督学习:有特征有标签\n\n![](E:\\人工智能\\Snipaste_2026-04-20_00-04-35.png)\n\n直接算**欧式距离:**对应维度的**差值**然后各平方和相加,相加完开平方\n\n39-23=16\n\n0-3=3\n\n31-17=14\n\n(16²+3²+14²)的开平方根=21.4709\n\nKNN：k近邻K个临近的领居\n\nk值过小过拟合,k值过大欠拟合\n\nk值过小容易受到异常点的影响，会过度分析样本特征,所以导致可能会学到一些脏的标签,所以容易发生过拟合\n\nk值过大例如值等于n,模型就变得简单了,因为投票结果永远都是类别最多的那一个,所以欠拟合\n\n![](E:\\人工智能\\Snipaste_2026-04-21_11-36-20.png)\n\n例如:上面5个都靠近最底那个,但是爱情片最多靠近最下面那个,所以最终这个类型是爱情片', 'ce50137b265de7e76355a4c5447286025327bd8dc47f39673f79de741b3868e6', '{\"section\": \"有监督学习\"}', 302, '2026-06-21 04:59:06');
INSERT INTO `kb_chunks` VALUES ('1a226d28-4a18-42a4-830b-9b326dc20d91:v1:26:1948f31e34d69e64', '1a226d28-4a18-42a4-830b-9b326dc20d91', '3354ccbc-ec69-4939-b133-648140d674e4', 14, 26, '## 无监督学习\n\n无监督学习:有特征无标签\n\n![](E:\\人工智能\\Snipaste_2026-04-21_11-43-52.png)\n\n无监督学习:无标签,这种叫聚类\n\n![](E:\\人工智能\\Snipaste_2026-04-21_11-48-46.png)', '1948f31e34d69e64e5177a2006cde8144a47f8a0abd2d0087994dc62cd5d0b74', '{\"section\": \"无监督学习\"}', 82, '2026-06-21 04:59:06');
INSERT INTO `kb_chunks` VALUES ('1a226d28-4a18-42a4-830b-9b326dc20d91:v1:27:fc0a298c1243bd54', '1a226d28-4a18-42a4-830b-9b326dc20d91', '3354ccbc-ec69-4939-b133-648140d674e4', 14, 27, '## 半监督学习\n\n半监督学习：部分有标签,部分没有标签\n\n![](E:\\人工智能\\Snipaste_2026-04-21_12-00-46.png)\n\n肺部ct中的数据先有专家判断有没有问题,专家做完判断然后做标签,做完标签然后拿去训练模型,剩下的数据没有标签的就拿这个模型去预测\n\n**降低标记数据成本**', 'fc0a298c1243bd54c5e27a862e1155657ff9e6dd28eecd2b3eeec484ca961aff', '{\"section\": \"半监督学习\"}', 124, '2026-06-21 04:59:06');
INSERT INTO `kb_chunks` VALUES ('1a226d28-4a18-42a4-830b-9b326dc20d91:v1:28:86c31fc458ab57cb', '1a226d28-4a18-42a4-830b-9b326dc20d91', '3354ccbc-ec69-4939-b133-648140d674e4', 14, 28, '## 强化学习\n\n![](E:\\人工智能\\Snipaste_2026-04-21_12-14-31.png)\n\n![](E:\\人工智能\\Snipaste_2026-04-21_12-21-25.png)\n\n![](E:\\人工智能\\Snipaste_2026-04-21_12-23-08.png)', '86c31fc458ab57cb2e04234e73bcbc6aacd569c0c8b7027af2af485318adedce', '{\"section\": \"强化学习\"}', 78, '2026-06-21 04:59:06');
INSERT INTO `kb_chunks` VALUES ('1a226d28-4a18-42a4-830b-9b326dc20d91:v1:29:4dbe89eadedcab86', '1a226d28-4a18-42a4-830b-9b326dc20d91', '3354ccbc-ec69-4939-b133-648140d674e4', 14, 29, '## 机器学习建模流程\n\n第一步:加载数据\n\n第二步:数据预处理\n\n第三步:特征工程\n\n第四步:训练模型\n\n第五步:模型评估\n\n第六步:模型预测\n\n![](E:\\人工智能\\Snipaste_2026-04-21_22-11-50.png)\n\n![](E:\\人工智能\\Snipaste_2026-04-21_22-39-10.png)', '4dbe89eadedcab86831e0786128b84181c659371efea3820786d6403dc4cbce2', '{\"section\": \"机器学习建模流程\"}', 107, '2026-06-21 04:59:06');
INSERT INTO `kb_chunks` VALUES ('1a226d28-4a18-42a4-830b-9b326dc20d91:v1:3:8dada2668efdc919', '1a226d28-4a18-42a4-830b-9b326dc20d91', '3354ccbc-ec69-4939-b133-648140d674e4', 14, 3, '## 单表查询\n\n![](E:\\人工智能\\Snipaste_2026-04-12_10-33-50.png)\n\n![](E:\\人工智能\\Snipaste_2026-04-12_10-52-02.png)\n\n![](E:\\人工智能\\Snipaste_2026-04-12_10-56-47.png)\n\n![](E:\\人工智能\\Snipaste_2026-04-12_12-36-41.png)\n\n![](E:\\人工智能\\Snipaste_2026-04-12_12-36-54.png)\n\n![](E:\\人工智能\\Snipaste_2026-04-12_12-37-20.png)\n\n![](E:\\人工智能\\Snipaste_2026-04-12_12-37-31.png)\n\n![](E:\\人工智能\\Snipaste_2026-04-12_12-41-17.png)\n\n![](E:\\人工智能\\Snipaste_2026-04-12_12-51-43.png)\n\n![](E:\\人工智能\\Snipaste_2026-04-12_13-13-29.png)\n\n![](E:\\人工智能\\Snipaste_2026-04-12_13-18-19.png)\n\n![](E:\\人工智能\\Snipaste_2026-04-12_13-24-04.png)\n\n![](E:\\人工智能\\Snipaste_2026-04-12_13-30-15.png)', '8dada2668efdc9190991327e5209f0e8310e1431cfcfd59d138a3ba605a8cbaf', '{\"section\": \"单表查询\"}', 318, '2026-06-21 04:59:06');
INSERT INTO `kb_chunks` VALUES ('1a226d28-4a18-42a4-830b-9b326dc20d91:v1:30:6c468a204a70f02b', '1a226d28-4a18-42a4-830b-9b326dc20d91', '3354ccbc-ec69-4939-b133-648140d674e4', 14, 30, '## 特征工程介绍\n\n特征工程:利用专用背景知识和技巧**处理数据**,让机器学习算法效果最好\n\n数据和特征定了机器学习的上限,而模型和算法只是逼近这个上限而已\n\n![](E:\\人工智能\\Snipaste_2026-04-21_22-40-38.png)\n\n特征(Feature):对**任务有用**的属性信息', '6c468a204a70f02b398c8b33241c4bd3f0541bc5e06daf56c0eaebaf5e0dfc2d', '{\"section\": \"特征工程介绍\"}', 119, '2026-06-21 04:59:06');
INSERT INTO `kb_chunks` VALUES ('1a226d28-4a18-42a4-830b-9b326dc20d91:v1:31:9127b80857aea9f4', '1a226d28-4a18-42a4-830b-9b326dc20d91', '3354ccbc-ec69-4939-b133-648140d674e4', 14, 31, '### 1.特征提取(会改变数据)\n\n从原始数据中提取与任务相关的特征\n\n![](E:\\人工智能\\Snipaste_2026-04-21_23-44-28.png)\n\n其实也可以让ai代入生物专家角色,叫Ai提取特征', '9127b80857aea9f4a0a5f9cf75a0883f15e61b8f671c36fdf788f5f9357b6726', '{\"section\": \"1.特征提取(会改变数据)\"}', 78, '2026-06-21 04:59:06');
INSERT INTO `kb_chunks` VALUES ('1a226d28-4a18-42a4-830b-9b326dc20d91:v1:32:01c5a2362bf72e82', '1a226d28-4a18-42a4-830b-9b326dc20d91', '3354ccbc-ec69-4939-b133-648140d674e4', 14, 32, '### 2.特征预处理\n\n特征对模型产生影响;**因量纲问题**,有些特征对模型影响大、有些影响小(导致鲁棒性不稳定)\n\n**鲁棒性（Robustness）= 模型的稳定性、抗干扰能力**\n\n大白话解释：\n\n数据集出现**轻微噪声、异常值、数据波动、数据范围变化、少量脏数据**时，\n\n模型的预测效果**不会大幅度变差、结果不会跑偏、训练不会崩溃**，就叫**鲁棒性好**。\n\n反之：\n\n数据稍微有点异常、稍微波动一点，模型精度暴跌、训练震荡不收敛、预测结果严重失真，就是**鲁棒性差**。\n\n简单对比：\n\n- 鲁棒性好：风吹雨打都稳定\n- 鲁棒性差：一点小干扰就直接垮掉', '01c5a2362bf72e821e6b2e55a389d0588e5b8f96f584896093234254a3706992', '{\"section\": \"2.特征预处理\"}', 254, '2026-06-21 04:59:06');
INSERT INTO `kb_chunks` VALUES ('1a226d28-4a18-42a4-830b-9b326dc20d91:v1:33:81c52e7062c6d612', '1a226d28-4a18-42a4-830b-9b326dc20d91', '3354ccbc-ec69-4939-b133-648140d674e4', 14, 33, '#### 量纲问题\n\n单位问题\n\n简单说：**特征的单位、数值大小级别、取值范围**。\n\n每个特征自带的**数字量级大小**，就是量纲。\n\n比如你数据集里的特征：\n\n- 年龄：`0 ~ 100`\n- 身高：`100 ~ 200 cm`\n- 月收入：`1000 ~ 100000 元`\n\n这三个特征，数字大小天差地别，**量级不一样**，就是量纲不同。\n\n![](E:\\人工智能\\Snipaste_2026-04-21_23-55-36.png)\n\n上面的计算公式是归一化操作', '81c52e7062c6d612acf805400c6beee382fedd0f2cb1d591c1a4f48c0cedff4f', '{\"section\": \"量纲问题\"}', 171, '2026-06-21 04:59:06');
INSERT INTO `kb_chunks` VALUES ('1a226d28-4a18-42a4-830b-9b326dc20d91:v1:34:a86538f82518bbb4', '1a226d28-4a18-42a4-830b-9b326dc20d91', '3354ccbc-ec69-4939-b133-648140d674e4', 14, 34, '### 3.特征降维(会修改原始数据)\n\n特征降维:将原始数据的维度降低,叫做特征降维    3d降2d', 'a86538f82518bbb4e0ae45890d19028a0f87ff4444018182a603923a11844a1d', '{\"section\": \"3.特征降维(会修改原始数据)\"}', 43, '2026-06-21 04:59:06');
INSERT INTO `kb_chunks` VALUES ('1a226d28-4a18-42a4-830b-9b326dc20d91:v1:35:cf84c06eefee798e', '1a226d28-4a18-42a4-830b-9b326dc20d91', '3354ccbc-ec69-4939-b133-648140d674e4', 14, 35, '### 4.特征选择(对原始数据不会有影响)\n\n特征选择:原始数据特征很多,但是对模型训练相关是其中一个特征集合子集\n\n简单的说:就是我原来有10列数据,然后只用其中的3列数据', 'cf84c06eefee798e82e452f581196c6539e14d526f84a8e5e0dbdf81c650d149', '{\"section\": \"4.特征选择(对原始数据不会有影响)\"}', 82, '2026-06-21 04:59:06');
INSERT INTO `kb_chunks` VALUES ('1a226d28-4a18-42a4-830b-9b326dc20d91:v1:36:ba5172455a033402', '1a226d28-4a18-42a4-830b-9b326dc20d91', '3354ccbc-ec69-4939-b133-648140d674e4', 14, 36, '### 5.特征组合\n\n把多个的特征合并成一个特征。一般利用乘法或加法来完成\n\n![](E:\\人工智能\\Snipaste_2026-04-21_23-57-37.png)', 'ba5172455a033402d1a16abf9e9cde41a844a39c56ac76408506f55b94e2bfc8', '{\"section\": \"5.特征组合\"}', 59, '2026-06-21 04:59:06');
INSERT INTO `kb_chunks` VALUES ('1a226d28-4a18-42a4-830b-9b326dc20d91:v1:37:44f2d5aac07a1860', '1a226d28-4a18-42a4-830b-9b326dc20d91', '3354ccbc-ec69-4939-b133-648140d674e4', 14, 37, '## 拟合问题\n\n用在机器学习领域,用来表示模型对样本点的拟合情况', '44f2d5aac07a1860bd17aea36458e183879adb078cfc4a061eca57e7bdc6ad79', '{\"section\": \"拟合问题\"}', 30, '2026-06-21 04:59:06');
INSERT INTO `kb_chunks` VALUES ('1a226d28-4a18-42a4-830b-9b326dc20d91:v1:38:d4f63b2b8f14de06', '1a226d28-4a18-42a4-830b-9b326dc20d91', '3354ccbc-ec69-4939-b133-648140d674e4', 14, 38, '### 拟合(fitting)\n\n拟合:模型在训练集上表现很好、在测试集表现也很好', 'd4f63b2b8f14de060cc4c1565af368cd9d2038f4cab28901e69b674df7c4e819', '{\"section\": \"拟合(fitting)\"}', 32, '2026-06-21 04:59:06');
INSERT INTO `kb_chunks` VALUES ('1a226d28-4a18-42a4-830b-9b326dc20d91:v1:39:e7bcedea4503eae6', '1a226d28-4a18-42a4-830b-9b326dc20d91', '3354ccbc-ec69-4939-b133-648140d674e4', 14, 39, '### 欠拟合(under-fitting)\n\n欠拟合:模型在训练集上表现很差、在测试集表现也很差\n\n产生原因:模型过于简单\n\n![](E:\\人工智能\\Snipaste_2026-04-22_00-20-03.png)\n\n解决方法:欠拟合可以通过增加特征来解决', 'e7bcedea4503eae644286da350a5b63ddd2458d0feaf224dfb44641721f6564e', '{\"section\": \"欠拟合(under-fitting)\"}', 90, '2026-06-21 04:59:06');
INSERT INTO `kb_chunks` VALUES ('1a226d28-4a18-42a4-830b-9b326dc20d91:v1:4:4f49b672976b3dfb', '1a226d28-4a18-42a4-830b-9b326dc20d91', '3354ccbc-ec69-4939-b133-648140d674e4', 14, 4, '### 页数,单页查询\n\n![](E:\\人工智能\\Snipaste_2026-04-12_13-36-40.png)', '4f49b672976b3dfb3889bd3af03941cd9f16846795ea81ad1ee33c07ff6d3795', '{\"section\": \"页数,单页查询\"}', 34, '2026-06-21 04:59:06');
INSERT INTO `kb_chunks` VALUES ('1a226d28-4a18-42a4-830b-9b326dc20d91:v1:40:e69874ed7528740e', '1a226d28-4a18-42a4-830b-9b326dc20d91', '3354ccbc-ec69-4939-b133-648140d674e4', 14, 40, '### 过拟合(over-fitting)\n\n过拟合:模型在训练集上表现很好、在测试集表现也很差\n\n产生原因:模型太过于复杂、数据不纯、训练数据太少\n\n![](E:\\人工智能\\Snipaste_2026-04-22_00-22-10.png)\n\n解决方法:过拟合可以通过正则化、异常值检测、特征降维等方法来解决\n\n正则化:\n\n​	L1正则化\n\n​	L2正则化', 'e69874ed7528740e6ff9d2c3c2bb11e4b0c978c1f13e222781f7934af2a74205', '{\"section\": \"过拟合(over-fitting)\"}', 130, '2026-06-21 04:59:06');
INSERT INTO `kb_chunks` VALUES ('1a226d28-4a18-42a4-830b-9b326dc20d91:v1:41:6767f3c863bc594c', '1a226d28-4a18-42a4-830b-9b326dc20d91', '3354ccbc-ec69-4939-b133-648140d674e4', 14, 41, '### 泛化Generalization\n\n**模型拟合情况=泛化能力**\n\n泛化:模型在新数据集(非训练数据)上的表现好坏的能力\n\n简单的说:\n\n模型A：在测试集正确率表现是95%\n\n模型B：在测试集正确率表现是95%', '6767f3c863bc594c1e3d8222cb768bd932b94a788aaad0ee972aaf0a2e0f4c9f', '{\"section\": \"泛化Generalization\"}', 84, '2026-06-21 04:59:06');
INSERT INTO `kb_chunks` VALUES ('1a226d28-4a18-42a4-830b-9b326dc20d91:v1:42:a48429cf8be133a4', '1a226d28-4a18-42a4-830b-9b326dc20d91', '3354ccbc-ec69-4939-b133-648140d674e4', 14, 42, '### 奥卡姆剃刀原则\n\n奥卡姆剃刀原则：给定两个具有相同**相同泛化误差**的模型,**较简单的模型**比较复杂的模型更可取\n\n例子: 用了网格搜索+交叉验证\n\n![](E:\\人工智能\\Snipaste_2026-04-29_12-28-42.png)\n\n相同泛化误差：就是多个模型在测试集正确率表现差不多相同,哪个更简单的就用哪个', 'a48429cf8be133a4fe86082f994d32fe493b650e0ae964ca938ba566de1197af', '{\"section\": \"奥卡姆剃刀原则\"}', 136, '2026-06-21 04:59:06');
INSERT INTO `kb_chunks` VALUES ('1a226d28-4a18-42a4-830b-9b326dc20d91:v1:43:c5cbb448aac5e95c', '1a226d28-4a18-42a4-830b-9b326dc20d91', '3354ccbc-ec69-4939-b133-648140d674e4', 14, 43, '## scikit-learn库\n\n<img src=\"E:\\人工智能\\Snipaste_2026-04-22_11-35-46.png\" style=\"zoom:50%;\" />\n\n​', 'c5cbb448aac5e95c481fc1e22213d3b568407bf5a44509f1ca9332d8c1dbf348', '{\"section\": \"scikit-learn库\"}', 43, '2026-06-21 04:59:06');
INSERT INTO `kb_chunks` VALUES ('1a226d28-4a18-42a4-830b-9b326dc20d91:v1:44:582f6766992ae4f8', '1a226d28-4a18-42a4-830b-9b326dc20d91', '3354ccbc-ec69-4939-b133-648140d674e4', 14, 44, '### scikit-learn算法选择路径图\n\n![](E:\\人工智能\\Snipaste_2026-04-22_11-47-03.png)', '582f6766992ae4f8a4f009a9fa388a6a4f457c09300b803dfbb7e6121bf36e11', '{\"section\": \"scikit-learn算法选择路径图\"}', 37, '2026-06-21 04:59:06');
INSERT INTO `kb_chunks` VALUES ('1a226d28-4a18-42a4-830b-9b326dc20d91:v1:45:144ce0fc3dac00bf', '1a226d28-4a18-42a4-830b-9b326dc20d91', '3354ccbc-ec69-4939-b133-648140d674e4', 14, 45, '## knn算法(懒惰学习（Lazy Learning）)\n\n![](E:\\人工智能\\Snipaste_2026-04-22_21-14-02.png)\n\n举个真实例子\n判断电影类型\n已有用户数据：\n年龄\n喜欢动作片\n类型\n18\n高\n热血用户\n20\n高\n热血用户\n45\n低\n文艺用户\n现在一个：\n19岁\n喜欢动作片\nKNN 会发现：\n它离前两个用户更近。\n因此：\n→ 判定为“热血用户”。\n\n若k值与训练集样本数相同,会导致最终模型的结果都是指向训练集中类别数最多的那一类,忽略了数据当中其它的重要信息,模型会过于简单\n\n实际工作中经常使用交叉验证的方式去选取最优的k值,而且一般情况下，k值都是比较小的数值\n\n![](E:\\人工智能\\Snipaste_2026-04-23_20-41-06.png)', '144ce0fc3dac00bfd89ae3abe5952e24c2ee6b9d277547ca2e47b43e1aa9ab8e', '{\"section\": \"knn算法(懒惰学习（Lazy Learning）)\"}', 256, '2026-06-21 04:59:06');
INSERT INTO `kb_chunks` VALUES ('1a226d28-4a18-42a4-830b-9b326dc20d91:v1:46:12072600c90afc6e', '1a226d28-4a18-42a4-830b-9b326dc20d91', '3354ccbc-ec69-4939-b133-648140d674e4', 14, 46, '### 曼哈顿距离\n\n![](E:\\人工智能\\Snipaste_2026-04-23_23-17-37.png)\n\n点(0,0)   和   点(6,6)\n\n最短路径无论怎么走都是12步 (用曼哈顿距离算)', '12072600c90afc6e87e265004ff4b55d65c4d76586b25df91286fb94792264f6', '{\"section\": \"曼哈顿距离\"}', 67, '2026-06-21 04:59:06');
INSERT INTO `kb_chunks` VALUES ('1a226d28-4a18-42a4-830b-9b326dc20d91:v1:47:382fe6106bf38511', '1a226d28-4a18-42a4-830b-9b326dc20d91', '3354ccbc-ec69-4939-b133-648140d674e4', 14, 47, '### 切比雪夫距离\n\n![](E:\\人工智能\\Snipaste_2026-04-23_23-27-16.png)\n\n这个切比雪夫距离可以斜着走\n\n维度值直接绝对值在比较选大的那个就是最短距离', '382fe6106bf385111023af0fbcb456b78987daac7cdfeae5bef5d6be8f87cd34', '{\"section\": \"切比雪夫距离\"}', 68, '2026-06-21 04:59:06');
INSERT INTO `kb_chunks` VALUES ('1a226d28-4a18-42a4-830b-9b326dc20d91:v1:48:8de2e26f9170df4c', '1a226d28-4a18-42a4-830b-9b326dc20d91', '3354ccbc-ec69-4939-b133-648140d674e4', 14, 48, '### 闵可夫斯基距离\n\n![](E:\\人工智能\\Snipaste_2026-04-23_23-33-24.png)', '8de2e26f9170df4cf7be5a71368a9dbd66dd8540db69bd96fadce6194fbabaaa', '{\"section\": \"闵可夫斯基距离\"}', 34, '2026-06-21 04:59:06');
INSERT INTO `kb_chunks` VALUES ('1a226d28-4a18-42a4-830b-9b326dc20d91:v1:49:76d69f7b2a81de65', '1a226d28-4a18-42a4-830b-9b326dc20d91', '3354ccbc-ec69-4939-b133-648140d674e4', 14, 49, '## 特征预处理', '76d69f7b2a81de6568a923624ab5d491397cd5f93db03f0503183ef996032827', '{\"section\": \"特征预处理\"}', 7, '2026-06-21 04:59:06');
INSERT INTO `kb_chunks` VALUES ('1a226d28-4a18-42a4-830b-9b326dc20d91:v1:5:2667b76d6356492e', '1a226d28-4a18-42a4-830b-9b326dc20d91', '3354ccbc-ec69-4939-b133-648140d674e4', 14, 5, '## sql执行顺序\n\n![](E:\\人工智能\\Snipaste_2026-04-12_13-39-44.png)\n\n一对多\n\n![](E:\\人工智能\\Snipaste_2026-04-12_23-38-18.png)\n\n多对多建表\n\n![](E:\\人工智能\\Snipaste_2026-04-12_23-49-53.png)\n\n一对一建表\n\n![](E:\\人工智能\\Snipaste_2026-04-12_23-52-10.png)\n\n删除外键约束和添加外键约束\n\n![](E:\\人工智能\\Snipaste_2026-04-13_00-20-38.png)\n\n内连接\n\n![](E:\\人工智能\\Snipaste_2026-04-13_00-28-51.png)\n\n![](E:\\人工智能\\Snipaste_2026-04-13_00-40-11.png)\n\n![](E:\\人工智能\\Snipaste_2026-04-13_00-32-01.png)\n\n左连接\n\n![](E:\\人工智能\\Snipaste_2026-04-13_00-29-09.png)\n\n![](E:\\人工智能\\Snipaste_2026-04-13_00-43-11.png)\n\n右连接\n\n![](E:\\人工智能\\Snipaste_2026-04-13_00-29-26.png)\n\n![](E:\\人工智能\\Snipaste_2026-04-13_00-43-25.png)\n\n全连接\n\n![](E:\\人工智能\\Snipaste_2026-04-13_00-29-43.png)\n\n![](E:\\人工智能\\Snipaste_2026-04-13_00-43-44.png)\n\n左外连接和右外连接和全连接语法语句\n\n![](E:\\人工智能\\Snipaste_2026-04-13_00-53-44.png)\n\n子查询\n\n![](E:\\人工智能\\Snipaste_2026-04-13_01-01-29.png)\n\ncase when语法\n![](E:\\人工智能\\Snipaste_2026-04-13_01-06-47.png)', '2667b76d6356492e05e0cc0638ee26953587c94968c1a5349a5b874c622f355b', '{\"section\": \"sql执行顺序\"}', 477, '2026-06-21 04:59:06');
INSERT INTO `kb_chunks` VALUES ('1a226d28-4a18-42a4-830b-9b326dc20d91:v1:50:44a5967d5521e56b', '1a226d28-4a18-42a4-830b-9b326dc20d91', '3354ccbc-ec69-4939-b133-648140d674e4', 14, 50, '### 归一化(适合小数据集)\n\n弊端:容易受到最大值和最小值影响\n\n![](E:\\人工智能\\Snipaste_2026-04-23_23-50-30.png)\n\nmx最大值\n\nmi最小值\n\npreprocessing:预处理\n\nMinMaxScaler:归一化对象\n\n<img src=\"E:\\人工智能\\Snipaste_2026-04-23_23-56-37.png\" style=\"zoom:67%;\" />', '44a5967d5521e56b103c67900171ad1159b4c6a67170929282e39d515b78277b', '{\"section\": \"归一化(适合小数据集)\"}', 110, '2026-06-21 04:59:06');
INSERT INTO `kb_chunks` VALUES ('1a226d28-4a18-42a4-830b-9b326dc20d91:v1:51:c3277f3b038b1393', '1a226d28-4a18-42a4-830b-9b326dc20d91', '3354ccbc-ec69-4939-b133-648140d674e4', 14, 51, '### 标准化(适用于大数据集的处理)\n\n结论:无论是归一化,还是标准化,目的都是为了解决因为量纲问题,导致模型评估较低等问题\n\n![](E:\\人工智能\\Snipaste_2026-04-24_12-50-48.png)\n\n方差计算公式:该列每个值和该列均值的差的平方和求平均值\n\n标准差计算公式:方差开平方根\n\n按照上面数据求\n\n`x_train` 有 3 个样本，4 个特征：\n\n| 特征 | 原始值       | 均值                      | 方差 (`var_`) 计算过程                                       | 结果       | 标准差 (`scale_`)    |\n| :--- | :----------- | :------------------------ | :----------------------------------------------------------- | :--------- | :------------------- |\n| 1    | [90, 60, 75] | (90+60+75)/3 = **75**     | ((90-75)²+(60-75)²+(75-75)²) / 3 = (225+225+0) / 3           | **150.0**  | √150 ≈ **12.247**    |\n| 2    | [2, 4, 3]    | (2+4+3)/3 = **3**         | ((2-3)²+(4-3)²+(3-3)²) / 3 = (1+1+0) / 3                     | **0.6667** | √0.6667 ≈ **0.8165** |\n| 3    | [10, 15, 13] | (10+15+13', 'c3277f3b038b13931cded3cfbc48b84e03c908022eac91f3d6bb7fdb7b887794', '{\"section\": \"标准化(适用于大数据集的处理)\"}', 500, '2026-06-21 04:59:06');
INSERT INTO `kb_chunks` VALUES ('1a226d28-4a18-42a4-830b-9b326dc20d91:v1:52:56a0999b6b3f0157', '1a226d28-4a18-42a4-830b-9b326dc20d91', '3354ccbc-ec69-4939-b133-648140d674e4', 14, 52, '= **3**         | ((2-3)²+(4-3)²+(3-3)²) / 3 = (1+1+0) / 3                     | **0.6667** | √0.6667 ≈ **0.8165** |\n| 3    | [10, 15, 13] | (10+15+13)/3 ≈ **12.667** | ((10-12.667)²+(15-12.667)²+(13-12.667)²) / 3 ≈ (7.111+5.444+0.111) / 3 ≈ 12.666 / 3 | **4.222**  | √4.222 ≈ **2.055**   |\n| 4    | [40, 45, 46] | (40+45+46)/3 ≈ **43.667** | ((40-43.667)²+(45-43.667)²+(46-43.667)²) / 3 ≈ (13.444+1.778+5.444) / 3 ≈ 20.666 / 3 | **6.889**  | √6.889 ≈ **2.625**   |\n\n![](E:\\人工智能\\Snipaste_2026-04-24_14-00-13.png)\n\n大胆的推测,细心的求证s', '56a0999b6b3f0157a97d49401bbb42c2a7a1af48e62bb956d3d30cea0f40312e', '{\"section\": \"标准化(适用于大数据集的处理)\"}', 305, '2026-06-21 04:59:06');
INSERT INTO `kb_chunks` VALUES ('1a226d28-4a18-42a4-830b-9b326dc20d91:v1:53:b4bde33d0b864eb0', '1a226d28-4a18-42a4-830b-9b326dc20d91', '3354ccbc-ec69-4939-b133-648140d674e4', 14, 53, '## 切分训练集的时候\n\n```python\n#2.数据的预处理\nX_train,X_test,y_train,y_test = train_test_split(iris_data.data,iris_data.target,test_size=0.2,random_state=22)\n```\n\n有了这个random_state=22\n\n![](E:\\人工智能\\Snipaste_2026-04-27_18-05-57.png)\n\n![](E:\\人工智能\\Snipaste_2026-04-27_18-06-02.png)\n\n再次运行还是这样,8:2的比例训练集顺序都一样\n\n下面这个是没加random_state=？？？(???是个随机数来的.随便填)\n\n```\nX_train,X_test,y_train,y_test = train_test_split(iris_data.data,iris_data.target,test_size=0.2)\n```\n\n![](E:\\人工智能\\Snipaste_2026-04-27_18-11-37.png)\n\n很明显2此切分的都不一样', 'b4bde33d0b864eb0f2dc43fdfb6ae9dc699b334237adfda70ce483456de61ca0', '{\"section\": \"切分训练集的时候\"}', 226, '2026-06-21 04:59:06');
INSERT INTO `kb_chunks` VALUES ('1a226d28-4a18-42a4-830b-9b326dc20d91:v1:54:824683fcab004087', '1a226d28-4a18-42a4-830b-9b326dc20d91', '3354ccbc-ec69-4939-b133-648140d674e4', 14, 54, '### fit_transform和transform区别\n\n#3.2对特征列进行标准化, 即:x_train:训练集的特征数据,x_test:测试集的特征数据\n\nfit_transform:兼具fit和transform的功能,即:训练,转换.该函数适用于:第一次进行标准化的时候使用。**一般用于处理:训练集**\n\nx_train = transfer.fit_transform(X_train)\n#transform:只有转换,该函数适用于:重复进行标准化动作时使用,**一般用于对测试集进行标准化**\nx_test = transfer.transform(X_test)\n\n```\n#3.特征工程(提取,预处理...)\n#思考1:特征提取:因为数据只有4个特征列(量纲问题没怎么出现,单位值相差不大),切都是我们用的,所有这里无需做特征提取\n#思考2:特征预处理:因为数据源的4列特征差值不大\n#3.1创建标准化对象\ntransfer = StandardScaler()\n#3.2对特征列进行标准化, 即:x_train:训练集的特征数据,x_test:测试集的特征数据\nx_train = transfer.fit_transform(X_train)\n#transform:只有转换,该函数适用于:重复进行标准化动作时使用,一般用于对测试集进行标准化\nx_test = transfer.transform(X_test)\n```', '824683fcab00408752b632936c83f3d08d0ab3ff235c30c5c10b6e3dc19973b5', '{\"section\": \"fit_transform和transform区别\"}', 379, '2026-06-21 04:59:06');
INSERT INTO `kb_chunks` VALUES ('1a226d28-4a18-42a4-830b-9b326dc20d91:v1:55:2420f2c5827d3636', '1a226d28-4a18-42a4-830b-9b326dc20d91', '3354ccbc-ec69-4939-b133-648140d674e4', 14, 55, '### 交叉验证\n\n![](E:\\人工智能\\Snipaste_2026-04-28_22-21-20.png)', '2420f2c5827d363696d8f847ea722d05d048812becb8d348dffdbce4b42186d6', '{\"section\": \"交叉验证\"}', 31, '2026-06-21 04:59:06');
INSERT INTO `kb_chunks` VALUES ('1a226d28-4a18-42a4-830b-9b326dc20d91:v1:56:09a9838d70b16873', '1a226d28-4a18-42a4-830b-9b326dc20d91', '3354ccbc-ec69-4939-b133-648140d674e4', 14, 56, '### 网格搜索\n\n![](E:\\人工智能\\Snipaste_2026-04-29_00-22-46.png)\n\n交叉验证网格搜索   api和应用举例\n\n![](E:\\人工智能\\Snipaste_2026-04-29_00-28-56.png)\n\n<img src=\"E:\\人工智能\\Snipaste_2026-04-29_00-37-22.png\" style=\"zoom:67%;\" />\n\n​				超参数:\n\n​						需要用户手动录入的数据,不同的超参(组合),可能会影响模型的最终评测结果\n\n大白话解释:网格搜索 + 交叉验证, 本质上指的是 GridSearchCV这个api,它会帮我们寻找最优参数(供参考)\n\n交叉验证和网格搜索的目的是什么？\n\n1.为了让评估的模型更加准确可信,一般会使用交叉验证网格搜索去完成任务\n\n2.有些算法模型本身自带较多的超参数,无法高效的去筛选比较合适的超参函数组合\n\n3.使用交叉验证和网格搜索可以提升模型的可信度和查找最佳参数组合的效率', '09a9838d70b1687333ac24b5663c60fb5e3ee28aa2ef17954ec0725f692f9029', '{\"section\": \"网格搜索\"}', 314, '2026-06-21 04:59:06');
INSERT INTO `kb_chunks` VALUES ('1a226d28-4a18-42a4-830b-9b326dc20d91:v1:57:7994d394edd0ff85', '1a226d28-4a18-42a4-830b-9b326dc20d91', '3354ccbc-ec69-4939-b133-648140d674e4', 14, 57, '## 线性回归\n\n线性回归API\n\n线性回归又分成**一元线性回归**和**多元线性回归**\n\n  **一元线性回归:**\n\n特点:1个特征列,1个标签列\n\n例如:基于 身高预测 体重\n\n**多元线性回归:**\n\n特点:多个特征列,1个标签列\n\n例如:基于 学历, 考试成绩, 专业,工作年限 -> 预测你的薪资\n\n**损失函数**:用来描述预测值和真实值的差值   就是让其**误差**最小\n\n**误差=预测值—真实值**\n\n误差又由**正规方程法**和**梯度下降法**来控制\n\n梯度下降很重要\n\n回归模型评估方法: MAE、MSE、RMSE\n\nMAE：Mean Absolute Error:平均绝对误差\n\nMSE：Mean Square Error:均方误差\n\nRMSE：Root Mean Square Error:均方根误差\n\n<img src=\"E:\\人工智能\\Snipaste_2026-05-06_11-44-03.png\" style=\"zoom:80%;\" />', '7994d394edd0ff858f2d478d3d98b21f9b25301bed9384b27a1b14f0b16f80d2', '{\"section\": \"线性回归\"}', 294, '2026-06-21 04:59:06');
INSERT INTO `kb_chunks` VALUES ('1a226d28-4a18-42a4-830b-9b326dc20d91:v1:58:c42762e203c77ce9', '1a226d28-4a18-42a4-830b-9b326dc20d91', '3354ccbc-ec69-4939-b133-648140d674e4', 14, 58, '### 线性回归概念\n\n![](E:\\人工智能\\Snipaste_2026-05-07_21-49-56.png)\n$$\nW^T         这个符号符号就是w的转置\n$$', 'c42762e203c77ce9f8d3f0cbdc521c9a93a2f06e78454e96c3248cf600c7e94a', '{\"section\": \"线性回归概念\"}', 52, '2026-06-21 04:59:06');
INSERT INTO `kb_chunks` VALUES ('1a226d28-4a18-42a4-830b-9b326dc20d91:v1:59:50fd1dc19a8a6006', '1a226d28-4a18-42a4-830b-9b326dc20d91', '3354ccbc-ec69-4939-b133-648140d674e4', 14, 59, '### 线性回归概念\n\n![](E:\\人工智能\\Snipaste_2026-05-07_22-19-00.png)\n\n![](E:\\人工智能\\Snipaste_2026-05-08_10-51-07.png)\n\n损失函数:衡量每个样本预测值和真实值效果的函数,也叫代价函数、成本函数、目标函数\n\n如何让损失函数最小？\n\n答案:\n\n- [ ] 思路1:正规方程法\n\n- [ ] 思路2:梯度下降法\n\n  流程:\n\n  ​		1.给定初始位置,步长(学习率)\n\n  ​		这个学习率必须设置在0.01 ~ 0.0001  之间\n\n  ​		学习率过大会导致梯度震荡或梯度爆炸容易错过最低的那个点\n\n  ​		学习率过小那么迭代次数就会过多\n\n  ​		2.计算该点当前的梯度的**负方向**\n\n  ​		3.向该负梯度方向移动步长\n\n  ​		4.重复第2~3步骤,直接结束\n\n  梯度下降什么时候结束呢?\n\n  1.当梯度值达到合理范围(例如:0.03~0.05)\n\n  2.设置固定的步数(例如:循环10次停止这样)\n\n$$\nl^`(x)这个就是损失函数的写法\n$$\n\n![](E:\\人工智能\\Snipaste_2026-05-08_11-54-41.png)\n\n![](E:\\人工智能\\Snipaste_2026-05-08_11-55-59.png)', '50fd1dc19a8a600632a6af8c9bf85f74a99622dfe1d8688a20bb84270ba123ad', '{\"section\": \"线性回归概念\"}', 395, '2026-06-21 04:59:06');
INSERT INTO `kb_chunks` VALUES ('1a226d28-4a18-42a4-830b-9b326dc20d91:v1:6:2fd60fef3c87d213', '1a226d28-4a18-42a4-830b-9b326dc20d91', '3354ccbc-ec69-4939-b133-648140d674e4', 14, 6, '## numpy\n\n![](E:\\人工智能\\Snipaste_2026-04-13_22-53-32.png)', '2fd60fef3c87d2135179c96756edf5e60eae6f6dadea04349f9d7dbbd5802398', '{\"section\": \"numpy\"}', 27, '2026-06-21 04:59:06');
INSERT INTO `kb_chunks` VALUES ('1a226d28-4a18-42a4-830b-9b326dc20d91:v1:60:e9159b199c34ccf5', '1a226d28-4a18-42a4-830b-9b326dc20d91', '3354ccbc-ec69-4939-b133-648140d674e4', 14, 60, '#### 损失函数的分类:\n\n最小二乘：每个样本点误差的平方和\n\n均方误差(MSE):每个样本点误差的平方和  /  样本个数\n\n均方根误差(RMSE):均方误差 开平方根\n\n平均绝对误差(MAE)：每个样本点误差的绝对值和 / 样本个数\n\n损失函数是描述你的算法行还是不行的', 'e9159b199c34ccf5e9bafdf8c3d19cb8f0009918260c8f37de6c983f4d2a31da', '{\"section\": \"损失函数的分类:\"}', 113, '2026-06-21 04:59:06');
INSERT INTO `kb_chunks` VALUES ('1a226d28-4a18-42a4-830b-9b326dc20d91:v1:61:5047162be1397e84', '1a226d28-4a18-42a4-830b-9b326dc20d91', '3354ccbc-ec69-4939-b133-648140d674e4', 14, 61, '### 正规方程法', '5047162be1397e8448dd43f68b951df977d08dee3cb1281dc593f4e86f730a4e', '{\"section\": \"正规方程法\"}', 8, '2026-06-21 04:59:06');
INSERT INTO `kb_chunks` VALUES ('1a226d28-4a18-42a4-830b-9b326dc20d91:v1:62:d6c891446ffafb90', '1a226d28-4a18-42a4-830b-9b326dc20d91', '3354ccbc-ec69-4939-b133-648140d674e4', 14, 62, '#### **张量**\n\n![](E:\\人工智能\\Snipaste_2026-05-08_19-22-15.png)', 'd6c891446ffafb90dc0813d3b6e27f02a8554d0e6502859087785d520a3ea850', '{\"section\": \"**张量**\"}', 34, '2026-06-21 04:59:06');
INSERT INTO `kb_chunks` VALUES ('1a226d28-4a18-42a4-830b-9b326dc20d91:v1:63:6296c36b1613abe8', '1a226d28-4a18-42a4-830b-9b326dc20d91', '3354ccbc-ec69-4939-b133-648140d674e4', 14, 63, '#### 常见导数\n\n![](E:\\人工智能\\Snipaste_2026-05-09_09-18-49.png)\n\n四则运算\n\n![](E:\\人工智能\\Snipaste_2026-05-09_09-31-57.png)', '6296c36b1613abe89b62c61cb31a4fa22e86076c1d71488c219cc91e83833965', '{\"section\": \"常见导数\"}', 60, '2026-06-21 04:59:06');
INSERT INTO `kb_chunks` VALUES ('1a226d28-4a18-42a4-830b-9b326dc20d91:v1:64:ca61d0d865b9b44c', '1a226d28-4a18-42a4-830b-9b326dc20d91', '3354ccbc-ec69-4939-b133-648140d674e4', 14, 64, '####  矩阵运算\n\n ![](E:\\人工智能\\Snipaste_2026-05-10_09-58-15.png)\n\n![](E:\\人工智能\\Snipaste_2026-05-10_10-05-01.png)\n\nN就是代表行,D代表列\n\n![](E:\\人工智能\\Snipaste_2026-05-10_10-19-24.png)\n\n![](E:\\人工智能\\Snipaste_2026-05-10_10-26-51.png)\n\n![](E:\\人工智能\\Snipaste_2026-05-10_10-28-48.png)\n\n逆矩阵运算\n\n![](E:\\人工智能\\Snipaste_2026-05-10_10-44-07.png)\n\n<img src=\"E:\\人工智能\\Snipaste_2026-05-10_10-45-01.png\" style=\"zoom:50%;\" />', 'ca61d0d865b9b44cd93d187446f6b409ca0ad140254ebd1f7b46dec6b5818ec0', '{\"section\": \"矩阵运算\"}', 204, '2026-06-21 04:59:06');
INSERT INTO `kb_chunks` VALUES ('1a226d28-4a18-42a4-830b-9b326dc20d91:v1:65:8fe2dbd19e39d1f4', '1a226d28-4a18-42a4-830b-9b326dc20d91', '3354ccbc-ec69-4939-b133-648140d674e4', 14, 65, '### 一元回归正规方程法\n\n![](E:\\人工智能\\Snipaste_2026-05-10_11-24-56.png)\n\n![](E:\\人工智能\\Snipaste_2026-05-10_11-25-45.png)\n$$\n一元线性方程 J(k,b) = \\sum_{i=1}^{m}(kx^{(i)}+b-y^{(i)})^2\n$$\n多元线性回归- 正规方程法\n\n![](E:\\人工智能\\Snipaste_2026-05-10_22-31-12.png)\n\n![](E:\\人工智能\\Snipaste_2026-05-10_23-06-45.png)\n$$\n||Xw - y ||_{2}^2\n$$\n这里的X   以及w 如下			(这里的1行数据在python里的pandas里的Series是一列数据并不是行,而X在pandas里的dataFrame是多行数据)\n\n<img src=\"E:\\人工智能\\Snipaste_2026-05-11_10-51-22.png\" style=\"zoom:50%;\" />\n\n多元线性回归-正规方程法\n\n![](E:\\人工智能\\Snipaste_2026-05-10_23-58-25.png)\n$$\n正规方程的\n\nw = (X^TX)^{-1}X^Ty\n$$', '8fe2dbd19e39d1f4b1e53dce233d4ae951c17ecdfd14bed33db5ff8a645bbf93', '{\"section\": \"一元回归正规方程法\"}', 330, '2026-06-21 04:59:06');
INSERT INTO `kb_chunks` VALUES ('1a226d28-4a18-42a4-830b-9b326dc20d91:v1:66:cfff7f98a1bcab15', '1a226d28-4a18-42a4-830b-9b326dc20d91', '3354ccbc-ec69-4939-b133-648140d674e4', 14, 66, '## 梯度下降法\n\n![](E:\\人工智能\\Snipaste_2026-05-12_08-58-36.png)', 'cfff7f98a1bcab15907802407a830b534fa919691de9908153dfb8244b8a1987', '{\"section\": \"梯度下降法\"}', 31, '2026-06-21 04:59:06');
INSERT INTO `kb_chunks` VALUES ('1a226d28-4a18-42a4-830b-9b326dc20d91:v1:67:df774021e127eb24', '1a226d28-4a18-42a4-830b-9b326dc20d91', '3354ccbc-ec69-4939-b133-648140d674e4', 14, 67, '### 一元梯度下降(单变量梯队下降)\n\n![](E:\\人工智能\\Snipaste_2026-05-12_09-40-36.png)\n\n学习率不能太大,太大会容易错过最低点会导致梯度爆炸或梯度震荡，太小会导致步数会增加很多\n\n![](E:\\人工智能\\Snipaste_2026-05-12_09-50-55.png)', 'df774021e127eb24a7cdced1f6cbe08d3c45a33b309642566dc366595fa11dbd', '{\"section\": \"一元梯度下降(单变量梯队下降)\"}', 109, '2026-06-21 04:59:06');
INSERT INTO `kb_chunks` VALUES ('1a226d28-4a18-42a4-830b-9b326dc20d91:v1:68:411ded888ec88082', '1a226d28-4a18-42a4-830b-9b326dc20d91', '3354ccbc-ec69-4939-b133-648140d674e4', 14, 68, '### 多变量梯度下降\n\n![](E:\\人工智能\\Snipaste_2026-05-12_10-52-38.png)\n\n![](E:\\人工智能\\Snipaste_2026-05-12_10-58-30.png)\n\n当学习率是10时算出来的结果是-19\n\n导致过大\n\n从而错过最低值\n\n<img src=\"E:\\人工智能\\Snipaste_2026-05-12_11-07-24.png\" style=\"zoom:67%;\" />', '411ded888ec88082a708a777e1a377e1bf06e881af6e954c09e77ea561085a30', '{\"section\": \"多变量梯度下降\"}', 121, '2026-06-21 04:59:06');
INSERT INTO `kb_chunks` VALUES ('1a226d28-4a18-42a4-830b-9b326dc20d91:v1:69:0c9fc332d047fb68', '1a226d28-4a18-42a4-830b-9b326dc20d91', '3354ccbc-ec69-4939-b133-648140d674e4', 14, 69, '### 梯度下降分类\n\n![](E:\\人工智能\\Snipaste_2026-05-15_11-06-27.png)\n\n![](E:\\人工智能\\Snipaste_2026-05-15_11-12-20.png)\n\n随机平均梯度下降算法SAG\n\n该算法就像中医行业,一开始怎么都很不顺,后面学习越多,后面就越考越吃香\n\n目前使用较多的是:小批量梯度下降\n\n![](E:\\人工智能\\Snipaste_2026-05-15_11-41-04.png)\n\n![](E:\\人工智能\\Snipaste_2026-05-15_11-44-08.png)', '0c9fc332d047fb681dab6be9e3b1f613745a780fde88ce61897d5e8a3869c8c7', '{\"section\": \"梯度下降分类\"}', 167, '2026-06-21 04:59:06');
INSERT INTO `kb_chunks` VALUES ('1a226d28-4a18-42a4-830b-9b326dc20d91:v1:7:4da3a595fad94961', '1a226d28-4a18-42a4-830b-9b326dc20d91', '3354ccbc-ec69-4939-b133-648140d674e4', 14, 7, '## pandas\n\n![](E:\\人工智能\\Snipaste_2026-04-13_22-54-15.png)\n\nmatplotlib\n\n![](E:\\人工智能\\Snipaste_2026-04-13_22-58-07.png)', '4da3a595fad949616eaedfcd6cd3514abe15aaf1ae000fd130ad2cf24ceeb09b', '{\"section\": \"pandas\"}', 52, '2026-06-21 04:59:06');
INSERT INTO `kb_chunks` VALUES ('1a226d28-4a18-42a4-830b-9b326dc20d91:v1:70:17be98fa00da4905', '1a226d28-4a18-42a4-830b-9b326dc20d91', '3354ccbc-ec69-4939-b133-648140d674e4', 14, 70, '## 线性回归模型评估\n\n![](E:\\人工智能\\Snipaste_2026-05-16_09-38-19.png)\n\n评估例子\n\n![](E:\\人工智能\\Snipaste_2026-05-16_09-45-51.png)\n\n(1,3)点                               MAE=2                  RMSE=2.236            RMSE>MAE\n\n再举个例子\n\n![](E:\\人工智能\\Snipaste_2026-05-16_09-47-07.png)\n\n一般使用:MAE 和 RMSE 这两个指标\n\n​	MAE反应的是“**真实”的平均误差**，RMSE会将误差大的数据点放大\n\n​	MAE不能提现出误差大的数据点，RMSE放大大误差的数据点对指标的影响，但是对异常数据比较敏感\n\n综合来说\n\n​	都能反映出预测值和真实值之间的误差\n\n​	MAE对误差大小不敏感\n\n​	RMSE会放大预测误差较大的误差\n\n​	RMSE对异常数据敏感\n\n欠拟合与过拟合   -    出现原因和解决方案\n\n![](E:\\人工智能\\Snipaste_2026-05-18_20-44-34.png)\n\n在训练集上表现不好,在测试集上表现也不好\n\n解决办法，继续学习\n\n1.添加其他特征选项\n\n2.添加多项式特征\n\n![](E:\\人工智能\\Snipaste_2026-05-18_20-45-13.png)\n\n![](E:\\人工智能\\Snipaste_2026-05-18_20-49-32.png)\n\n在训练集上表现好,在测试集上表现不好\n\n解决方法\n\n​	1.重新清洗数据集\n\n​	2.增大数据的训练量\n\n​	3.正则化\n\n​	4.减少特征维度', '17be98fa00da490535cf3ad38fb292604f6d6b0011e50b94347f22671e9ca3d5', '{\"section\": \"线性回归模型评估\"}', 446, '2026-06-21 04:59:06');
INSERT INTO `kb_chunks` VALUES ('1a226d28-4a18-42a4-830b-9b326dc20d91:v1:71:fcba801682ce4838', '1a226d28-4a18-42a4-830b-9b326dc20d91', '3354ccbc-ec69-4939-b133-648140d674e4', 14, 71, '#### L1正则化\n\n![](E:\\人工智能\\Snipaste_2026-05-18_21-00-45.png)\n\n无限趋于0从而达到 **特征选择的目的**\n\n```python', 'fcba801682ce4838e58c049e32dd87202bddfeb89aeec3330feb7c4a379ad53b', '{\"section\": \"L1正则化\"}', 56, '2026-06-21 04:59:06');
INSERT INTO `kb_chunks` VALUES ('1a226d28-4a18-42a4-830b-9b326dc20d91:v1:72:f079e50ac4fe862e', '1a226d28-4a18-42a4-830b-9b326dc20d91', '3354ccbc-ec69-4939-b133-648140d674e4', 14, 72, '# 改为创建L1正则化对象\n    estimator = Lasso(alpha=0.01)  # alpha:正则化系数(惩罚系数),默认是1     惩罚越大,权重越小\n```\n\n![](E:\\人工智能\\Snipaste_2026-05-18_22-57-56.png)', 'f079e50ac4fe862e7e6d19352766ae5528dfda1acf2cebccf924695811e1d483', '{\"section\": \"改为创建L1正则化对象\"}', 76, '2026-06-21 04:59:06');
INSERT INTO `kb_chunks` VALUES ('1a226d28-4a18-42a4-830b-9b326dc20d91:v1:73:6f6772d4434b8e1c', '1a226d28-4a18-42a4-830b-9b326dc20d91', '3354ccbc-ec69-4939-b133-648140d674e4', 14, 73, '#### L2正则化\n\n![](E:\\人工智能\\Snipaste_2026-05-18_21-05-09.png)\n\n```python', '6f6772d4434b8e1cad15a4b23aa3129c70bdae32ed13e7f4a23db5dc1f588033', '{\"section\": \"L2正则化\"}', 36, '2026-06-21 04:59:06');
INSERT INTO `kb_chunks` VALUES ('1a226d28-4a18-42a4-830b-9b326dc20d91:v1:74:b35a6c764d392709', '1a226d28-4a18-42a4-830b-9b326dc20d91', '3354ccbc-ec69-4939-b133-648140d674e4', 14, 74, '# 改为创建L2正则化对象\n    estimator = Ridge(alpha=10)      # alpha:正则化系数(惩罚系数),默认是1     惩罚越大,权重越小\n```\n\n惩罚系数不一样,拟合效果就有差别\n\n![](E:\\人工智能\\Snipaste_2026-05-18_22-56-01.png)\n\n区别:\n\nL1和L2的本质区别是L1可以让权重系数等于0\n\nL2能无限的趋向于0        但是不会为0\n\n L1和L2都是基于惩罚系数 来修改(特征列的)权重的,惩罚系数越大,则修改力度就越大,对应的权重就越小(惩罚力度大权重就变小咯)\n\n大白话:我要去爬山,带了个小包,装了：登山杖，水，面包，衣服，雨伞，鞋子......        发现包装不下了\n\nL1正则化：可以实现去掉一些不是必选的。例如：当天去，当天回，且天气晴朗 ---->可以不带雨伞，鞋子， 即：权重为0\n\nL2正则化：换一个非常非常大的包，还是那些物品，但是空间占用(权重)就变小........\n\n![](E:\\人工智能\\Snipaste_2026-05-18_23-05-06.png)\n\n![](E:\\人工智能\\Snipaste_2026-05-18_23-07-19.png)\n\n![](E:\\人工智能\\Snipaste_2026-05-18_23-10-18.png)\n\n<img src=\"E:\\人工智能\\Snipaste_2026-05-18_23-13-12.png\" style=\"zoom:150%;\" />', 'b35a6c764d39270967cd23ad144570d8e420931e2c83f12680bc0c02e0fd3989', '{\"section\": \"改为创建L2正则化对象\"}', 446, '2026-06-21 04:59:06');
INSERT INTO `kb_chunks` VALUES ('1a226d28-4a18-42a4-830b-9b326dc20d91:v1:75:d610f4ea0d0dc47f', '1a226d28-4a18-42a4-830b-9b326dc20d91', '3354ccbc-ec69-4939-b133-648140d674e4', 14, 75, '## 逻辑回归概念\n\n逻辑回归:有监督学习,有特征,有标签,且标签是离散的(分类)\n\n适用于二分类以及三分类啊或多分类这样\n\n原理:数据经过线性回归处理过得到的预测值丢到Sigmoid激活函数,这个激活函数会把这个值映射到概率0~1区间,然后结合你写的阈值进行分类     就是按照下面例如那样分类\n\n例如\n\n这个值 >0,6   就是A类\n\n小于这个值就是B类\n\n![](E:\\人工智能\\Snipaste_2026-05-19_00-14-16.png)\n\n混淆矩阵\n\n![](E:\\人工智能\\Snipaste_2026-05-19_00-17-32.png)\n\nT(True)：真\n\nF(False):假\n\nPositive:正例\n\nNegative:反例\n\n精确率:  tp/(tp+fp)\n\n召回率:tp/(tp+fn)\n\n**F1-score** 是分类问题中综合评价模型性能的指标，它结合了**精确率（Precision）**和**召回率（Recall）**\n\n计算公式\n$$\nF1=2×{Precision×Recall}/{Precision+Recall}\n$$\n*F*1=2×{精确率×召回率/精确率+召回率}\n\n如果精确率或召回率为 0，则 F1 = 0；如果两者均为 1，则 F1 = 1。\n\n示例:\n\n假设有 100 个正例，模型预测出 80 个正例，其中 60 个是正确的：\n\n- 精确率 = 60 / 80 = 0.75\n- 召回率 = 60 / 100 = 0.60\n- F1 = 2 * (0.75 * 0.60) / (0.75 + 0.60) = 2 * 0.45 / 1.35 = 0.6667\n\n直观理解：F1 是精确率和召回率的“平衡点”，在两者都重要时（如信息检索', 'd610f4ea0d0dc47f3765e522faa2633d2f39a066876f11c7460e6f5871a63784', '{\"section\": \"逻辑回归概念\"}', 500, '2026-06-21 04:59:06');
INSERT INTO `kb_chunks` VALUES ('1a226d28-4a18-42a4-830b-9b326dc20d91:v1:76:5f8b9f0fe317d7dd', '1a226d28-4a18-42a4-830b-9b326dc20d91', '3354ccbc-ec69-4939-b133-648140d674e4', 14, 76, '= 60 / 100 = 0.60\n- F1 = 2 * (0.75 * 0.60) / (0.75 + 0.60) = 2 * 0.45 / 1.35 = 0.6667\n\n直观理解：F1 是精确率和召回率的“平衡点”，在两者都重要时（如信息检索、医疗诊断）优先使用。\n\n逻辑回归是做分类的不能用之前的线性回归的准确率来预测\n\n比如:一个医院告诉下面患者有准确率97%是阳性,那下面也不知道具体谁阳性,都会以为自己没阳性\n\n应该告诉精确哪个人没阳性,所以要精确率不能靠准确率\n\n![](E:\\人工智能\\Snipaste_2026-05-21_00-18-02.png)', '5f8b9f0fe317d7dd78a3b977adbcb82623fc8607d6534c739b3f5c300f003bc1', '{\"section\": \"逻辑回归概念\"}', 211, '2026-06-21 04:59:06');
INSERT INTO `kb_chunks` VALUES ('1a226d28-4a18-42a4-830b-9b326dc20d91:v1:77:2df6890756cc524d', '1a226d28-4a18-42a4-830b-9b326dc20d91', '3354ccbc-ec69-4939-b133-648140d674e4', 14, 77, '### 损失函数', '2df6890756cc524de06373d78ed0c7b129005093ede85e9f455386354a8800f7', '{\"section\": \"损失函数\"}', 7, '2026-06-21 04:59:06');
INSERT INTO `kb_chunks` VALUES ('1a226d28-4a18-42a4-830b-9b326dc20d91:v1:78:be85a460aedaf244', '1a226d28-4a18-42a4-830b-9b326dc20d91', '3354ccbc-ec69-4939-b133-648140d674e4', 14, 78, '#### 极大似然估计\n\n通俗说极大似然估计就是极大值       加个负号就是极小值\n\n根据你抽取样本的分布来预测你测试你整体数据的分布\n\n通过极大化概率事件,来估计最优参数', 'be85a460aedaf2442f4c747a7fd94e31a4435cf508fc0f1acb14055ff552dcad', '{\"section\": \"极大似然估计\"}', 74, '2026-06-21 04:59:06');
INSERT INTO `kb_chunks` VALUES ('1a226d28-4a18-42a4-830b-9b326dc20d91:v1:79:c609d2265b14c7b2', '1a226d28-4a18-42a4-830b-9b326dc20d91', '3354ccbc-ec69-4939-b133-648140d674e4', 14, 79, '### 对数函数\n\n![](E:\\人工智能\\Snipaste_2026-05-22_22-53-38.png)\n\n![](E:\\人工智能\\Snipaste_2026-05-22_22-54-27.png)\n\n![](E:\\人工智能\\Snipaste_2026-05-22_22-55-20.png)\n\n线性回归原理\n\n![](E:\\人工智能\\Snipaste_2026-05-23_11-29-49.png)\n\n例子\n\n![](E:\\人工智能\\Snipaste_2026-05-23_11-36-49.png)\n\n逻辑回归原理---损失函数\n\n![](E:\\人工智能\\Snipaste_2026-05-23_12-05-19.png)\n\n![](E:\\人工智能\\Snipaste_2026-05-23_12-05-19.png)\n\n概率值越大值越是正样本\n\n![](E:\\人工智能\\Snipaste_2026-05-23_14-16-17.png)\n\n<img src=\"E:\\人工智能\\Snipaste_2026-05-23_14-16-43.png\" style=\"zoom:100%;\" />\n\n![](E:\\人工智能\\Snipaste_2026-05-23_14-22-30.png)\n\n逻辑回归API函数和案例\n\n![](E:\\人工智能\\Snipaste_2026-05-24_21-41-58.png)\n\n![](E:\\人工智能\\Snipaste_2026-05-24_21-46-35.png)\n\n![](E:\\人工智能\\Snipaste_2026-05-24_21-44-50.png)\n\n```python\nimport numpy as np\nimport pandas as pd\nfrom sklearn.linear_model import LogisticRegression  #逻辑回归模型\nfrom sklearn.preprocessing import StandardScaler #标准化\nfrom sklearn.model_selection import train_test_split  #训练集和测试集分割\nfrom sklearn.metrics import accuracy_score   #模型评估\n\n#1.加载数据\ndata = pd.read_csv(\'./data/breast-cancer-wisconsin.csv\')\ndata.info()    #查看数据信息\n\n#2.数据预处理\n#2.1把 ? 替换成 np.nan (这个就是换', 'c609d2265b14c7b2d55634fdbf6aea83386d0e4baa98a8ecc419faff7a65b82f', '{\"section\": \"对数函数\"}', 500, '2026-06-21 04:59:06');
INSERT INTO `kb_chunks` VALUES ('1a226d28-4a18-42a4-830b-9b326dc20d91:v1:8:61f1d8b417041227', '1a226d28-4a18-42a4-830b-9b326dc20d91', '3354ccbc-ec69-4939-b133-648140d674e4', 14, 8, '## serborn\n\n![](E:\\人工智能\\Snipaste_2026-04-13_22-59-40.png)', '61f1d8b41704122701f7fa65fca346a51fd95abfaadbfde57e359a247eec3f93', '{\"section\": \"serborn\"}', 27, '2026-06-21 04:59:06');
INSERT INTO `kb_chunks` VALUES ('1a226d28-4a18-42a4-830b-9b326dc20d91:v1:80:f662ee5bcf1cd1d7', '1a226d28-4a18-42a4-830b-9b326dc20d91', '3354ccbc-ec69-4939-b133-648140d674e4', 14, 80, '试集分割\nfrom sklearn.metrics import accuracy_score   #模型评估\n\n#1.加载数据\ndata = pd.read_csv(\'./data/breast-cancer-wisconsin.csv\')\ndata.info()    #查看数据信息\n\n#2.数据预处理\n#2.1把 ? 替换成 np.nan (这个就是换成null)  参1:要被替换的值  参2:用来替换的值  参3:是否替换源数据,默认False\ndata.replace(\'?\',np.nan,inplace=True)\n#2.2缺失值处理  --->  删除     要么删除,要么填写\ndata.dropna(axis=0,inplace=True) #axio=0 表示行, 1表示列   删除包含缺失值的行\n#2.3答应处理后的信息', 'f662ee5bcf1cd1d74132fc9e3902f9654800c1022b7b7c7e6d084fc9f8ce51c7', '{\"section\": \"对数函数\"}', 200, '2026-06-21 04:59:06');
INSERT INTO `kb_chunks` VALUES ('1a226d28-4a18-42a4-830b-9b326dc20d91:v1:81:367c94ad38c65a2a', '1a226d28-4a18-42a4-830b-9b326dc20d91', '3354ccbc-ec69-4939-b133-648140d674e4', 14, 81, '# data.info()\n\n#3特征工程  (1.特征提取    2.特征预处理  )\n#3.1特征提取之  提取特征和标签\nx = data.iloc[:,1:-1] #按照行号,列索引获取数据,   :表示所有行   1:-1表示从第1列到最后1列, 包左不包右\ny = data.iloc[:,-1]  #获取最后一列', '367c94ad38c65a2a42b2740996a7e18d9beffe6abf7375b83f73c8c32b9ba4b7', '{\"section\": \"data.info()\"}', 115, '2026-06-21 04:59:06');
INSERT INTO `kb_chunks` VALUES ('1a226d28-4a18-42a4-830b-9b326dc20d91:v1:82:5bc140ac553f382f', '1a226d28-4a18-42a4-830b-9b326dc20d91', '3354ccbc-ec69-4939-b133-648140d674e4', 14, 82, '# y = data[\'Class\']    #获取最后一列,效果跟上一行一样', '5bc140ac553f382f396c5eea576e7f2f2cdb27102a1497a5c360c43c2e9e3bb7', '{\"section\": \"y = data[\'Class\']    #获取最后一列,效果跟上一行一样\"}', 25, '2026-06-21 04:59:06');
INSERT INTO `kb_chunks` VALUES ('1a226d28-4a18-42a4-830b-9b326dc20d91:v1:83:51bc66e8ecf1ad1a', '1a226d28-4a18-42a4-830b-9b326dc20d91', '3354ccbc-ec69-4939-b133-648140d674e4', 14, 83, '# y = data.Class       #获取最后一列,效果跟上一行一样\n\n#3.2查看下特征 和 标签\nprint(x[:5])\nprint(y[:5])\nprint(x.shape,y.shape)\n#3.3切割训练集和测试集\nx_train,x_test,y_train,y_test = train_test_split(x,y,test_size=0.2,random_state=23)\n#3.4特征工程:标准化\n#3.4.1创建标准化对象\ntransfer = StandardScaler()\n#3.4.2对训练集进行标准化    训练+标准化\nx_train = transfer.fit_transform(x_train)\n#3.4.3 对测试集进行标准化  标准化\nx_test = transfer.transform(x_test)\n\n#4.模型训练\n#4.1创建逻辑回归对象\nestimator = LogisticRegression()\n#4.2模型训练\nestimator.fit(x_train,y_train)\n\n#5.模型预测\ny_pre = estimator.predict(x_test)\nprint(f\'预测值为:{y_pre}\')\n\n#6.模型评估\n#正确率(准确率),公式为: 预测值 / 样本总数\nprint(f\'预测前评估,正确率::{estimator.score(x_test,y_pre)}\')  #测试集的特征,标签\nprint(f\'预测后评估,正确率::{accuracy_score(y_test,y_pre)}\')   #测试集的标签,预测值\n```\n\n预处理这一块要注意\n\n2.数据预处理\n2.1把 ? 替换成 np.nan (这个就是换成null)  参1:要被替换的值  参2:用来替换的值  参3:是否替换源数据,默认False\ndata.replace(\'?\',np.nan,inplace=True)\n2.2缺失值处理  --->  删除     要么删除,要么填写\ndata.dropna(axis=0,inplace=True) #axio=0 表示行, 1表示列   删除包含缺失值的行\n\n现在只是', '51bc66e8ecf1ad1abc7266f8a9b5f15def5f634e3a309b6e7a6173339afe737a', '{\"section\": \"y = data.Class       #获取最后一列,效果跟上一行一样\"}', 500, '2026-06-21 04:59:06');
INSERT INTO `kb_chunks` VALUES ('1a226d28-4a18-42a4-830b-9b326dc20d91:v1:84:4d27df01aebf412a', '1a226d28-4a18-42a4-830b-9b326dc20d91', '3354ccbc-ec69-4939-b133-648140d674e4', 14, 84, ',默认False\ndata.replace(\'?\',np.nan,inplace=True)\n2.2缺失值处理  --->  删除     要么删除,要么填写\ndata.dropna(axis=0,inplace=True) #axio=0 表示行, 1表示列   删除包含缺失值的行\n\n现在只是用正确率(准确率)来评估,但是结果不精准\n\n因为逻辑回归模型主要用于二分类\n\n例如: A类还是B类  不能说97%是A类   3%是B类\n\n所以要通过 混淆矩阵来评测   即:**精确率,召回率 ,F1值(F1-Score),Roc曲线,AUC值**\n\n分类评估方法    混淆矩阵\n\n![](E:\\人工智能\\Snipaste_2026-05-24_23-41-49.png)\n\n![](E:\\人工智能\\Snipaste_2026-05-25_12-13-52.png)\n\nROC曲线、AUC曲线\n\n![](E:\\人工智能\\Snipaste_2026-05-27_21-42-19.png)\n\n![](E:\\人工智能\\Snipaste_2026-05-27_21-45-57.png)\n\n![](E:\\人工智能\\Snipaste_2026-05-27_22-57-56.png)\n\n![](E:\\人工智能\\Snipaste_2026-05-27_22-59-24.png)\n\n![](E:\\人工智能\\Snipaste_2026-05-27_23-05-07.png)\n\n![](E:\\人工智能\\Snipaste_2026-05-27_23-05-46.png)\n\n![](E:\\人工智能\\Snipaste_2026-05-27_23-06-00.png)', '4d27df01aebf412ae5216c1c7658dbe4437e0f728e92d4386d729a2ce561bd45', '{\"section\": \"y = data.Class       #获取最后一列,效果跟上一行一样\"}', 410, '2026-06-21 04:59:06');
INSERT INTO `kb_chunks` VALUES ('1a226d28-4a18-42a4-830b-9b326dc20d91:v1:85:54740a586e396186', '1a226d28-4a18-42a4-830b-9b326dc20d91', '3354ccbc-ec69-4939-b133-648140d674e4', 14, 85, '### 逻辑回归_电信用户流失预测案例\n\n![](E:\\人工智能\\Snipaste_2026-05-28_21-17-09.png)\n\n![](E:\\人工智能\\Snipaste_2026-05-29_10-33-46.png)\n\n![](E:\\人工智能\\Snipaste_2026-05-29_10-53-45.png)\n\n在数据集中，`Churn`（客户是否流失）和 `gender`（性别）这两列是文本类型的字符串（比如 `\'Yes\'`/`\'No\'` 和 `\'Male\'`/`\'Female\'`），而大多数机器学习模型（比如逻辑回归）只能处理数值型数据。因此，需要把这些字符串转换成数字形式。\n\n**One‑Hot 编码（独热编码）**就是常用的一种转换方法。它会为每个类别创建一个新的 0/1 列，比如：\n\n- 对于 `gender`：原来一列变成两列 `gender_Male` 和 `gender_Female`。如果某行是 `\'Male\'`，则 `gender_Male = 1`，`gender_Female = 0`。\n- 对于 `Churn`：变成两列 `Churn_Yes` 和 `Churn_No`（不过在逻辑回归中，`Churn` 通常作为目标变量，可以简单地映射为 0/1：`\'Yes\'→1`，`\'No\'→0`）。\n\n```python\ndef dm03_logistic_regression():\n    #1.加载数据\n    churn_df = pd.read_csv(\'./data/churn.csv\')\n    #2.加载数据\n    #2.1对object类型的数据的列(数据)做one-hot编码处理\n    churn_df = pd.get_dummies(churn_df,columns=[\'Churn\',\'gender\'])\n    #2.2删除one-hot处理后的冗余列\n    churn_df.drop([\'Churn_No\', \'gender_Male\'], axis=1, inplace=True)\n    #2.3修改列名,将Churn_Yes -', '54740a586e39618686c96f04cc732805e338eba80f1042c72199ed04ab419465', '{\"section\": \"逻辑回归_电信用户流失预测案例\"}', 500, '2026-06-21 04:59:06');
INSERT INTO `kb_chunks` VALUES ('1a226d28-4a18-42a4-830b-9b326dc20d91:v1:86:60631e4e024f48a3', '1a226d28-4a18-42a4-830b-9b326dc20d91', '3354ccbc-ec69-4939-b133-648140d674e4', 14, 86, '据)做one-hot编码处理\n    churn_df = pd.get_dummies(churn_df,columns=[\'Churn\',\'gender\'])\n    #2.2删除one-hot处理后的冗余列\n    churn_df.drop([\'Churn_No\', \'gender_Male\'], axis=1, inplace=True)\n    #2.3修改列名,将Churn_Yes ---->flag   充当标签列\n    churn_df.rename(columns={\'Churn_Yes\':\'flag\'},inplace=True)\n    #2.4特征提取和标签列\n    x = churn_df[[\'Contract_Month\',\'internet_other\',\'PaymentElectronic\']]\n    y = churn_df[\'flag\']    #False---->不流失, True---->流失\n    #2.5划分训练集和测试集\n    x_train,x_test,y_train,y_test = train_test_split(x,y,test_size=0.3,random_state=70)\n\n    #3特征工程(列如:特征提取,特征预处理----->归一化，标准化....),暂不处理\n\n    #4.模型训练\n    #4.1创建(逻辑回归)模型对象\n    estimator = LogisticRegression()\n    #4.2模型训练\n    estimator.fit(x_train,y_train)\n    #5.模型预测\n    y_pre = estimator.predict(x_test)\n    print(f\'预测值为:{y_pre}\')\n    #6.模型评估\n    print(f\'准确率:{estimator.score(x_test,y_pre)}\')\n    print(f\'准确率:{accuracy_score(y_test,y_pre)}\')\n\n    print(f\'精确率:{precision_score(y_test,y_pre)}\')\n    print(f\'召回率:{recall_score(y_test,y_pre)}\')\n\n    print(f\'F1值:{f1_score(y_test,y_pre)}\')\n\n    #macro avg:宏平均  即：不考虑样本权重,直接求平均  适用于:数据均衡的情况\n    #weighted avg:样本权重平均  即：考虑样本权重,求平均  适用于:数据不均衡的情况\n    print(f\'分类评估报告:{classification_report(y_test', '60631e4e024f48a3ab79fc90957ee9cc80b837ee626a3cf3bed2c78f6a1f7092', '{\"section\": \"逻辑回归_电信用户流失预测案例\"}', 500, '2026-06-21 04:59:06');
INSERT INTO `kb_chunks` VALUES ('1a226d28-4a18-42a4-830b-9b326dc20d91:v1:87:dd0c2a04a559acb0', '1a226d28-4a18-42a4-830b-9b326dc20d91', '3354ccbc-ec69-4939-b133-648140d674e4', 14, 87, 'avg:宏平均  即：不考虑样本权重,直接求平均  适用于:数据均衡的情况\n    #weighted avg:样本权重平均  即：考虑样本权重,求平均  适用于:数据不均衡的情况\n    print(f\'分类评估报告:{classification_report(y_test,y_pre)}\')\nif __name__ == \'__main__\':\n    # dm01_data_preprocess()\n    # dm02_data_visualization()\n    dm03_logistic_regression()\n```', 'dd0c2a04a559acb04d683bb2428d997c6f783be40e02534156b14447e45fa7a9', '{\"section\": \"逻辑回归_电信用户流失预测案例\"}', 108, '2026-06-21 04:59:06');
INSERT INTO `kb_chunks` VALUES ('1a226d28-4a18-42a4-830b-9b326dc20d91:v1:88:5231bee771537682', '1a226d28-4a18-42a4-830b-9b326dc20d91', '3354ccbc-ec69-4939-b133-648140d674e4', 14, 88, '#### 2.1 对 object 类型的列做 one-hot 编码处理\n\npython\n\n运行\n\n```\nchurn_df = pd.get_dummies(churn_df,columns=[\'Churn\',\'gender\'])\n```\n\n- **核心作用**：把文本 / 分类类型的`object`数据，转换成模型可识别的数值型数据。\n\n- **原理说明**：逻辑回归是广义线性模型，**只能处理数值型输入，无法直接读取文本 / 分类数据**。原始数据中，`Churn`列的取值是`Yes/No`（是否流失）、`gender`列的取值是`Male/Female`（性别），都是典型的二分类文本变量，必须通过编码转换成数值。\n\n- one-hot 编码的结果\n\n  ：\n\n  - `Churn`列会被拆分为 2 列：`Churn_Yes`（1 = 是，0 = 否）、`Churn_No`（1 = 是，0 = 否）\n  - `gender`列会被拆分为 2 列：`gender_Male`（1 = 男性，0 = 女性）、`gender_Female`（1 = 女性，0 = 男性）', '5231bee7715376822ab49658da841ffb228d0b847ed587057b6ced5c807d79db', '{\"section\": \"2.1 对 object 类型的列做 one-hot 编码处理\"}', 299, '2026-06-21 04:59:06');
INSERT INTO `kb_chunks` VALUES ('1a226d28-4a18-42a4-830b-9b326dc20d91:v1:89:ca85ec9f776e36b4', '1a226d28-4a18-42a4-830b-9b326dc20d91', '3354ccbc-ec69-4939-b133-648140d674e4', 14, 89, '#### 2.2 删除 one-hot 处理后的冗余列\n\npython\n\n运行\n\n```\nchurn_df.drop([\'Churn_No\', \'gender_Male\'], axis=1, inplace=True)\n```\n\n- **核心作用**：消除 one-hot 编码带来的**完全多重共线性**问题，保证线性模型的正常求解。\n\n- 为什么这两列是冗余的\n\n  ：对于二分类变量的 one-hot 编码，生成的两列是\n\n  100% 线性相关\n\n  的。比如：\n\n  - 当`Churn_Yes=1`时，`Churn_No`必然 = 0；当`Churn_Yes=0`时，`Churn_No`必然 = 1\n  - 当`gender_Female=1`时，`gender_Male`必然 = 0；当`gender_Female=0`时，`gender_Male`必然 = 1\n\n- **不删除的严重后果**：完全多重共线性会导致线性模型（逻辑回归）的参数估计不稳定、无法求解，甚至出现奇异矩阵，最终模型完全无法训练，或者训练出的结果完全无意义。\n\n- **行业最佳实践**：对于 n 分类的 one-hot 编码，最终只保留 n-1 列，二分类变量只保留 1 列，这是线性模型预处理的通用规范。', 'ca85ec9f776e36b4b4de003a71e18ee64cfbdc06b41885d8e466886f8d29d6de', '{\"section\": \"2.2 删除 one-hot 处理后的冗余列\"}', 345, '2026-06-21 04:59:06');
INSERT INTO `kb_chunks` VALUES ('1a226d28-4a18-42a4-830b-9b326dc20d91:v1:9:08996153ff26a6bf', '1a226d28-4a18-42a4-830b-9b326dc20d91', '3354ccbc-ec69-4939-b133-648140d674e4', 14, 9, '## SKlearn\n\n![](E:\\人工智能\\Snipaste_2026-04-13_23-01-43.png)', '08996153ff26a6bf43a1aeeb6b65ea0b18e24d2221cdb35c93a808ab9c1a6259', '{\"section\": \"SKlearn\"}', 27, '2026-06-21 04:59:06');
INSERT INTO `kb_chunks` VALUES ('1a226d28-4a18-42a4-830b-9b326dc20d91:v1:90:9fd32ae5c9ed9d85', '1a226d28-4a18-42a4-830b-9b326dc20d91', '3354ccbc-ec69-4939-b133-648140d674e4', 14, 90, '#### 2.3 修改列名，将 Churn_Yes 改为 flag，充当标签列\n\npython\n\n运行\n\n```\nchurn_df.rename(columns={\'Churn_Yes\':\'flag\'},inplace=True)\n```\n\n- **核心作用**：统一标签列的命名规范，明确列的业务语义，符合机器学习代码的通用写法。\n\n- 为什么要改列名\n\n  ：\n\n  1. **语义更通用**：`flag`是二分类任务中标签列的通用命名，代表「是否发生目标事件」，这里就是「是否流失」，比`Churn_Yes`更简洁、更符合行业惯例，后续代码的可读性更强。\n  2. **明确标签属性**：重命名后，能清晰区分「标签列（要预测的目标）」和「特征列（用来预测的输入）」，避免在后续训练、评估中混淆列的用途。\n  3. **代码复用性更强**：如果后续更换预测目标（比如预测是否续费、是否活跃），只需要修改重命名的列名，不需要改动后续所有用到标签列的代码。', '9fd32ae5c9ed9d8560af24d501cd8630cd578082ac62677f9d99ded7dacd4068', '{\"section\": \"2.3 修改列名，将 Churn_Yes 改为 flag，充当标签列\"}', 327, '2026-06-21 04:59:06');
INSERT INTO `kb_chunks` VALUES ('1a226d28-4a18-42a4-830b-9b326dc20d91:v1:91:a39bcab1932002c8', '1a226d28-4a18-42a4-830b-9b326dc20d91', '3354ccbc-ec69-4939-b133-648140d674e4', 14, 91, '#### 2.4 特征提取和标签列拆分\n\npython\n\n运行\n\n```\nx = churn_df[[\'Contract_Month\',\'internet_other\',\'PaymentElectronic\']]\ny = churn_df[\'flag\']\n```\n\n- **核心作用**：把数据集拆分为「特征矩阵 x」和「标签向量 y」，这是模型训练的标准输入格式。\n\n- 基础定义\n\n  ：\n\n  - 特征（x）：模型用来预测目标的输入变量，是影响最终结果的核心因素\n  - 标签（y）：模型要预测的输出结果，是本次任务的核心预测目标\n\n------', 'a39bcab1932002c86a8e0b201676bdb546d366fd960224a3cb8277c81114b1e3', '{\"section\": \"2.4 特征提取和标签列拆分\"}', 174, '2026-06-21 04:59:06');
INSERT INTO `kb_chunks` VALUES ('1a226d28-4a18-42a4-830b-9b326dc20d91:v1:92:971268a373fb44d8', '1a226d28-4a18-42a4-830b-9b326dc20d91', '3354ccbc-ec69-4939-b133-648140d674e4', 14, 92, '#### 三、核心疑问深度解答', '971268a373fb44d881dad1bd2ce6aec54a52b6ac01ddee63c83fcf74f4302266', '{\"section\": \"三、核心疑问深度解答\"}', 14, '2026-06-21 04:59:06');
INSERT INTO `kb_chunks` VALUES ('1a226d28-4a18-42a4-830b-9b326dc20d91:v1:93:6817127c6ae52c23', '1a226d28-4a18-42a4-830b-9b326dc20d91', '3354ccbc-ec69-4939-b133-648140d674e4', 14, 93, '#### 1. 为什么 y 列只能是 flag，不能是其他列？\n\n因为`flag`列是本次二分类任务的**唯一预测目标**，它的取值是 0/1，完全符合二分类任务的标签要求：\n\n- `flag=0`：对应`Churn_No`，代表用户**不流失**，是负样本\n- `flag=1`：对应`Churn_Yes`，代表用户**流失**，是正样本\n\n整个模型的训练目标，就是学习特征和「是否流失」之间的映射关系，所以标签列必须是这个代表流失结果的`flag`列，其他列都是用来预测的特征，不能作为标签。', '6817127c6ae52c2382e36f043030c8a1fac7d568c63a81200849c636cb778ff4', '{\"section\": \"1. 为什么 y 列只能是 flag，不能是其他列？\"}', 203, '2026-06-21 04:59:06');
INSERT INTO `kb_chunks` VALUES ('1a226d28-4a18-42a4-830b-9b326dc20d91:v1:94:e0e68825a63f8ee6', '1a226d28-4a18-42a4-830b-9b326dc20d91', '3354ccbc-ec69-4939-b133-648140d674e4', 14, 94, '#### 2. 为什么特征 x 只提取这 3 列，不是全部列？\n\n选择这 3 列作为特征，是**业务逻辑 + 数据特性 + 模型要求**共同决定的，核心原因有 3 点：\n\n1. 业务强相关性\n\n   ：这 3 列都是和用户流失高度相关的核心业务特征，是行业内预测客户流失的通用关键指标：\n\n   - `Contract_Month`：合同期限 / 签约月份，合同期限越长，用户粘性越高，流失概率越低，是流失预测的第一核心特征\n   - `internet_other`：是否使用其他互联网附加服务，用户使用的附加服务越多，对产品的依赖度越高，流失概率越低\n   - `PaymentElectronic`：是否使用电子支付方式，电子支付用户的活跃度、留存意愿通常更高，是流失预测的重要行为特征\n\n2. **数据已符合模型输入要求**：这 3 列都是已经处理好的数值型 / 二值型变量，不需要再做额外的编码、清洗处理，可以直接输入到逻辑回归模型中，避免了额外的预处理工作量。\n\n3. **避免噪声与过拟合**：选择经过业务验证的核心特征，而不是全部列，能剔除无关特征带来的随机噪声，提升模型的训练效率，同时避免模型学习到无关的随机规律，导致过拟合（训练集效果好，测试集效果差）。', 'e0e68825a63f8ee6958de5bfc4501deb4c8145cb81ce017332395f118db87dc4', '{\"section\": \"2. 为什么特征 x 只提取这 3 列，不是全部列？\"}', 442, '2026-06-21 04:59:06');
INSERT INTO `kb_chunks` VALUES ('1a226d28-4a18-42a4-830b-9b326dc20d91:v1:95:dcca25e40d6f504a', '1a226d28-4a18-42a4-830b-9b326dc20d91', '3354ccbc-ec69-4939-b133-648140d674e4', 14, 95, '### 决策树\n\n决策树:根据你的某些特征和信息来做为根节点,往下划分子集的过程就叫做决策树\n\n决策树属于有监督学习\n\nID3：信息增益\n\n熵-条件熵=信息增益\n\nC4.5：信息增益率\n\nCART决策树：Gini 、基尼值\n\n![](E:\\人工智能\\Snipaste_2026-05-30_12-40-14.png)\n\n![](E:\\人工智能\\Snipaste_2026-05-30_11-35-25.png)\n\n![](E:\\人工智能\\Snipaste_2026-05-30_12-33-12.png)', 'dcca25e40d6f504a884167ebf3a611b84616a1d8715b68a84cd7d08118ee50ba', '{\"section\": \"决策树\"}', 160, '2026-06-21 04:59:06');
INSERT INTO `kb_chunks` VALUES ('1a226d28-4a18-42a4-830b-9b326dc20d91:v1:96:4d205a8ca96287e3', '1a226d28-4a18-42a4-830b-9b326dc20d91', '3354ccbc-ec69-4939-b133-648140d674e4', 14, 96, '#### 信息熵\n\n熵：信息论中代表随机变量不确定度的度量\n\n你的数据越完整代表熵越大\n\n你的数据越乱代表熵越小\n\n![](E:\\人工智能\\Snipaste_2026-05-31_10-54-46.png)\n$$\n(信息)熵 = -∑分类占比 * log{_2}(分类占比)\n$$\n\n$$\n(信息)熵 = -∑p(x_{i}) * log{_2}p(x_{i})\n$$\n\n$$\np(x_{i})就是分类占比的意思\n$$\n\n![](E:\\人工智能\\Snipaste_2026-05-31_11-12-24.png)\n\n![](E:\\人工智能\\Snipaste_2026-05-31_11-25-56.png)', '4d205a8ca96287e3a0d9584fce70017c4a96742c49d7496ea347682d938edc85', '{\"section\": \"信息熵\"}', 199, '2026-06-21 04:59:06');
INSERT INTO `kb_chunks` VALUES ('1a226d28-4a18-42a4-830b-9b326dc20d91:v1:97:2bfeb7c6c2b5e01f', '1a226d28-4a18-42a4-830b-9b326dc20d91', '3354ccbc-ec69-4939-b133-648140d674e4', 14, 97, '#### 条件熵\n\n![](E:\\人工智能\\Snipaste_2026-05-31_12-06-33.png)\n\n![](E:\\人工智能\\Snipaste_2026-05-31_12-08-06.png)', '2bfeb7c6c2b5e01f1abbd5e264f3be0e1a6e8babcc4f90af57328900f079a02a', '{\"section\": \"条件熵\"}', 55, '2026-06-21 04:59:06');
INSERT INTO `kb_chunks` VALUES ('1a226d28-4a18-42a4-830b-9b326dc20d91:v1:98:3b72fd01ade0a8c1', '1a226d28-4a18-42a4-830b-9b326dc20d91', '3354ccbc-ec69-4939-b133-648140d674e4', 14, 98, '#### ID3决策树\n\n![](E:\\人工智能\\Snipaste_2026-05-31_12-10-22.png)\n\n![](E:\\人工智能\\Snipaste_2026-06-02_22-52-08.png)\n\n计算信息增益最大的是活跃度的信息增益最大,所以活跃度当决策树的第一个节点\n\n信息增益=信息熵-条件熵\n\n![](E:\\人工智能\\Snipaste_2026-06-02_23-02-19.png)\n\n弊端：分类越多越容易成为根节点\n\n要想解决这个弊端就用C4.5决策树', '3b72fd01ade0a8c15cc13bd1b2517150c4b37187678d7e3f8a3b1d26d331af26', '{\"section\": \"ID3决策树\"}', 159, '2026-06-21 04:59:06');
INSERT INTO `kb_chunks` VALUES ('1a226d28-4a18-42a4-830b-9b326dc20d91:v1:99:df2985dd6f4cc628', '1a226d28-4a18-42a4-830b-9b326dc20d91', '3354ccbc-ec69-4939-b133-648140d674e4', 14, 99, '#### C4.5决策树\n\nC4.5= 信息增益  /  特征熵\n\n信息增益率 = 信息增益 / 特征熵\n\n![](E:\\人工智能\\Snipaste_2026-06-02_23-39-53.png)\n\n![](E:\\人工智能\\Snipaste_2026-06-08_11-34-30.png)\n\n单算目标的熵就是信息熵\n\n特征结合目标值一起来算熵就是条件熵\n\n单算特征熵就是特征熵\n\n![](E:\\人工智能\\Snipaste_2026-06-08_11-06-18.png)\n\n特征熵 = 惩罚系数\n\n计算特征熵\n\n![](E:\\人工智能\\Snipaste_2026-06-08_11-36-24.png)\n\n![](E:\\人工智能\\Snipaste_2026-06-08_11-55-55.png)\n\n分类越多那么信息增益就越大\n\n优先使用信息增益率高的,所以再划分的时候用特征a划分\n\n结论:特征a的信息增益率大于特征b的信息增益率,根据信息增益率,应该选择特征a做为分类特征\n\n![](E:\\人工智能\\Snipaste_2026-06-08_12-08-46.png)\n\n![](E:\\人工智能\\Snipaste_2026-06-08_12-10-46.png)\n\nc4.5信息增益率越大越好', 'df2985dd6f4cc6289a8d9c7266df53baae191f6dab25767c16f52f71168a6410', '{\"section\": \"C4.5决策树\"}', 351, '2026-06-21 04:59:06');
INSERT INTO `kb_chunks` VALUES ('2120f655-b683-4d5b-9802-efeb1ce850cd_chunk_0', '2120f655-b683-4d5b-9802-efeb1ce850cd', 'e9788ee0-27b2-43ac-b6bb-3266db8f591b', 6, 0, 'Python是一种高级编程语言，由Guido van Rossum于1991年创建。Python以简洁易读的语法著称，广泛应用于Web开发、数据分析、人工智能等领域。Python的设计哲学强调代码的可读性和简洁性。', '6893a8f2e735d76513c32c5b4ffc9e126c8bae8f146372b21f24d7778ad88eb2', '{}', 107, '2026-06-06 07:05:35');
INSERT INTO `kb_chunks` VALUES ('360719ac-0b5f-442c-ae98-ba202ec237b7:v1:0:58d4d5b1a07da87c', '360719ac-0b5f-442c-ae98-ba202ec237b7', '3354ccbc-ec69-4939-b133-648140d674e4', 14, 0, '讲义：https://www.yuque.com/zhangzhijun-91vgw/javaai1.0?# 《Java+AI智能应用开发（线上训练营）v1.0》 密码：nxyt', '58d4d5b1a07da87c57e1fcf77d75583d95b5a964d051a2eec08736fd7db51013', '{\"section\": null}', 47, '2026-06-21 04:57:53');
INSERT INTO `kb_chunks` VALUES ('6b2d59c0-ff65-4676-9388-22a940279296:v1:0:25dd88dab6418b86', '6b2d59c0-ff65-4676-9388-22a940279296', '3354ccbc-ec69-4939-b133-648140d674e4', 14, 0, '# 11\n\n**5. 文件上传 + 分析（核心差异化）**\n\n用户上传 PDF、Word、Excel，AI 直接分析。这结合你已有的 RAG 体系，是最大亮点。\n\njava\n\n```java\n// 后端接收文件，动态写入向量库\n@PostMapping(\"/upload\")\npublic Result<?> uploadDocument(@RequestParam MultipartFile file,\n                                 @RequestParam String sessionId) {\n    // 解析文件 → 切片 → 向量化 → 存入用户专属的 Redis namespace\n}\n```\n\n**6. 知识库管理页面**\n\n让用户自己上传文档建立私有知识库，这是 ChatGPT 免费版没有的功能。\n\n```\n我的知识库\n├── 公司规章制度.pdf  ✓\n├── 产品手册v2.docx  ✓\n└── 竞品分析报告.xlsx ✓\n\n[+ 上传文档]\n```\n\n**7. 提示词模板市场**\n\n预设场景模板，降低用户使用门槛：\n\n```\n📝 合同审查    🔍 竞品分析\n📊 数据解读    💡 头脑风暴\n📧 邮件撰写    🐛 代码调试\n```\n\n**8. 对话分享**\n\n生成分享链接，让用户把好的对话分享给同事，这是增长的关键。\n\n------', '25dd88dab6418b86498875c43f980420981533dbbeb9c41db0fa5fa19356733d', '{\"section\": \"11\"}', 334, '2026-06-21 04:59:08');
INSERT INTO `kb_chunks` VALUES ('6b2d59c0-ff65-4676-9388-22a940279296:v1:1:c0b44c2f2408daaa', '6b2d59c0-ff65-4676-9388-22a940279296', '3354ccbc-ec69-4939-b133-648140d674e4', 14, 1, '### 第三阶段：商业化功能（4-6个月）\n\n**9. 积分/会员体系**\n\n```\n免费版：每天 20 次对话，不能上传文件\nPro版：无限对话 + 文件上传 + 私有知识库\n企业版：私有部署 + API 接入 + 多人协作\n```\n\n**10. 团队协作**\n\n共享知识库、共享对话、@同事，打企业内部工具市场。\n\n**11. API 开放**\n\n让开发者调用你的服务，收 Token 费用。\n\n------', 'c0b44c2f2408daaac7a82ecce11390d2402e1b7c7a2c95447ce93649836eeb47', '{\"section\": \"第三阶段：商业化功能（4-6个月）\"}', 157, '2026-06-21 04:59:08');
INSERT INTO `kb_chunks` VALUES ('6b2d59c0-ff65-4676-9388-22a940279296:v1:2:bf7b901397ceab21', '6b2d59c0-ff65-4676-9388-22a940279296', '3354ccbc-ec69-4939-b133-648140d674e4', 14, 2, '## 四、技术优化清单\n\n**后端优化**\n\n| 问题           | 当前状况             | 优化方案                                   |\n| -------------- | -------------------- | ------------------------------------------ |\n| 流式响应编码   | 可能有乱码           | 明确设置 `text/event-stream;charset=UTF-8` |\n| 没有限流       | 单用户可打爆服务     | 加 Redis 限流，每分钟最多 20 次            |\n| 向量库每次重建 | `store()` 方法被注释 | 启动时检查是否已有数据，有则跳过           |\n| 没有异常监控   | 出错只打日志         | 接入 Sentry 或钉钉/企微告警                |\n\n**前端优化**\n\n| 问题             | 优化方案                           |\n| ---------------- | ---------------------------------- |\n| 无 Markdown 渲染 | 引入 marked + highlight.js         |\n| 打字机效果卡顿   | 当前逐字符显示性能差，改为逐词显示 |\n| 无骨架屏         | 加载时显示骨架，减少白屏感知       |\n| 不支持移动端     | 响应式布局适配，或做 PWA           |\n\n------', 'bf7b901397ceab21a8dece29586bbada035a9eb5606485076f7ec786bfc42aa1', '{\"section\": \"四、技术优化清单\"}', 394, '2026-06-21 04:59:08');
INSERT INTO `kb_chunks` VALUES ('6b2d59c0-ff65-4676-9388-22a940279296:v1:3:837ab7d6024abe14', '6b2d59c0-ff65-4676-9388-22a940279296', '3354ccbc-ec69-4939-b133-648140d674e4', 14, 3, '## 五、最重要的一点\n\n技术只是门槛，**真正留住用户靠的是垂直场景的数据积累**。\n\n你喂进 RAG 的专业文档质量，决定了你的产品天花板。ChatGPT 的通用性是它的优势，也是它的弱点——它不会比一个喂了 10000 份行业合同的法律 AI 更懂法律。\n\n**建议的最小闭环路径：**\n\n选一个垂直领域 → 收集该领域高质量文档 → 喂入知识库 → 做好 Markdown 渲染和对话历史 → 找 20 个目标用户内测 → 根据反馈迭代\n\n这条路走通了，比做一个功能和 ChatGPT 一模一样但质量差一半的通用产品，更有商业价值。', '837ab7d6024abe1486ff93369dd595ce80d6aebf8fbeedc1bfc502f2787443fb', '{\"section\": \"五、最重要的一点\"}', 209, '2026-06-21 04:59:08');
INSERT INTO `kb_chunks` VALUES ('6f750101-260f-4bef-9257-f59d15eb432b:v1:0:cd514c153c860724', '6f750101-260f-4bef-9257-f59d15eb432b', '7693e1c2-c1dd-4e8f-b9a6-ebb112949c34', 10, 0, '?????X100??Wi-Fi7???????9.6Gbps?????2.5G?????????????????400-123-8899?', 'cd514c153c86072467db1d0d25679551e418713a8f8fd2a66ea169859e21d5ad', '{\"section\": \"???????\"}', 70, '2026-06-06 07:08:46');
INSERT INTO `kb_chunks` VALUES ('888d4ab5-1269-4e8a-b4d3-a3e6284ab963:v1:0:056278f67e73493a', '888d4ab5-1269-4e8a-b4d3-a3e6284ab963', '7693e1c2-c1dd-4e8f-b9a6-ebb112949c34', 10, 0, '星云路由器X100支持Wi-Fi7，最大无线速率9.6Gbps，提供四个2.5G网口。设备质保期为三年。售后热线是400-123-8899。', '056278f67e73493a80ab89b12e546db45312ef26c251120607e404ca9beaf95e', '{\"section\": \"星云路由器中文规格\"}', 70, '2026-06-06 07:09:28');
INSERT INTO `kb_chunks` VALUES ('bab47b79-5270-483b-826d-6aa66d32d010_chunk_0', 'bab47b79-5270-483b-826d-6aa66d32d010', 'e9788ee0-27b2-43ac-b6bb-3266db8f591b', 6, 0, 'FastAPI是一个现代、快速的Python Web框架，用于构建API。它基于Starlette和Pydantic，具有自动生成OpenAPI文档、类型检查和异步支持等特性。FastAPI的性能与Node.js和Go相当。', '37f6316991a85e374946ad55f95b7cf68e03b671c65056af91935952172d81da', '{}', 112, '2026-06-06 07:05:35');
INSERT INTO `kb_chunks` VALUES ('be6f7663-a6dc-494d-9307-8367c87c0df8:v1:0:25dd88dab6418b86', 'be6f7663-a6dc-494d-9307-8367c87c0df8', '2cb41af7-af7d-4b27-9404-bef621770b59', 2, 0, '# 11\n\n**5. 文件上传 + 分析（核心差异化）**\n\n用户上传 PDF、Word、Excel，AI 直接分析。这结合你已有的 RAG 体系，是最大亮点。\n\njava\n\n```java\n// 后端接收文件，动态写入向量库\n@PostMapping(\"/upload\")\npublic Result<?> uploadDocument(@RequestParam MultipartFile file,\n                                 @RequestParam String sessionId) {\n    // 解析文件 → 切片 → 向量化 → 存入用户专属的 Redis namespace\n}\n```\n\n**6. 知识库管理页面**\n\n让用户自己上传文档建立私有知识库，这是 ChatGPT 免费版没有的功能。\n\n```\n我的知识库\n├── 公司规章制度.pdf  ✓\n├── 产品手册v2.docx  ✓\n└── 竞品分析报告.xlsx ✓\n\n[+ 上传文档]\n```\n\n**7. 提示词模板市场**\n\n预设场景模板，降低用户使用门槛：\n\n```\n📝 合同审查    🔍 竞品分析\n📊 数据解读    💡 头脑风暴\n📧 邮件撰写    🐛 代码调试\n```\n\n**8. 对话分享**\n\n生成分享链接，让用户把好的对话分享给同事，这是增长的关键。\n\n------', '25dd88dab6418b86498875c43f980420981533dbbeb9c41db0fa5fa19356733d', '{\"section\": \"11\"}', 334, '2026-06-25 12:20:15');
INSERT INTO `kb_chunks` VALUES ('be6f7663-a6dc-494d-9307-8367c87c0df8:v1:1:c0b44c2f2408daaa', 'be6f7663-a6dc-494d-9307-8367c87c0df8', '2cb41af7-af7d-4b27-9404-bef621770b59', 2, 1, '### 第三阶段：商业化功能（4-6个月）\n\n**9. 积分/会员体系**\n\n```\n免费版：每天 20 次对话，不能上传文件\nPro版：无限对话 + 文件上传 + 私有知识库\n企业版：私有部署 + API 接入 + 多人协作\n```\n\n**10. 团队协作**\n\n共享知识库、共享对话、@同事，打企业内部工具市场。\n\n**11. API 开放**\n\n让开发者调用你的服务，收 Token 费用。\n\n------', 'c0b44c2f2408daaac7a82ecce11390d2402e1b7c7a2c95447ce93649836eeb47', '{\"section\": \"第三阶段：商业化功能（4-6个月）\"}', 157, '2026-06-25 12:20:15');
INSERT INTO `kb_chunks` VALUES ('be6f7663-a6dc-494d-9307-8367c87c0df8:v1:2:bf7b901397ceab21', 'be6f7663-a6dc-494d-9307-8367c87c0df8', '2cb41af7-af7d-4b27-9404-bef621770b59', 2, 2, '## 四、技术优化清单\n\n**后端优化**\n\n| 问题           | 当前状况             | 优化方案                                   |\n| -------------- | -------------------- | ------------------------------------------ |\n| 流式响应编码   | 可能有乱码           | 明确设置 `text/event-stream;charset=UTF-8` |\n| 没有限流       | 单用户可打爆服务     | 加 Redis 限流，每分钟最多 20 次            |\n| 向量库每次重建 | `store()` 方法被注释 | 启动时检查是否已有数据，有则跳过           |\n| 没有异常监控   | 出错只打日志         | 接入 Sentry 或钉钉/企微告警                |\n\n**前端优化**\n\n| 问题             | 优化方案                           |\n| ---------------- | ---------------------------------- |\n| 无 Markdown 渲染 | 引入 marked + highlight.js         |\n| 打字机效果卡顿   | 当前逐字符显示性能差，改为逐词显示 |\n| 无骨架屏         | 加载时显示骨架，减少白屏感知       |\n| 不支持移动端     | 响应式布局适配，或做 PWA           |\n\n------', 'bf7b901397ceab21a8dece29586bbada035a9eb5606485076f7ec786bfc42aa1', '{\"section\": \"四、技术优化清单\"}', 394, '2026-06-25 12:20:15');
INSERT INTO `kb_chunks` VALUES ('be6f7663-a6dc-494d-9307-8367c87c0df8:v1:3:837ab7d6024abe14', 'be6f7663-a6dc-494d-9307-8367c87c0df8', '2cb41af7-af7d-4b27-9404-bef621770b59', 2, 3, '## 五、最重要的一点\n\n技术只是门槛，**真正留住用户靠的是垂直场景的数据积累**。\n\n你喂进 RAG 的专业文档质量，决定了你的产品天花板。ChatGPT 的通用性是它的优势，也是它的弱点——它不会比一个喂了 10000 份行业合同的法律 AI 更懂法律。\n\n**建议的最小闭环路径：**\n\n选一个垂直领域 → 收集该领域高质量文档 → 喂入知识库 → 做好 Markdown 渲染和对话历史 → 找 20 个目标用户内测 → 根据反馈迭代\n\n这条路走通了，比做一个功能和 ChatGPT 一模一样但质量差一半的通用产品，更有商业价值。', '837ab7d6024abe1486ff93369dd595ce80d6aebf8fbeedc1bfc502f2787443fb', '{\"section\": \"五、最重要的一点\"}', 209, '2026-06-25 12:20:15');
INSERT INTO `kb_chunks` VALUES ('d1e3fb7e-3229-4dc5-9015-e89b4fbe478e_chunk_0', 'd1e3fb7e-3229-4dc5-9015-e89b4fbe478e', 'e9788ee0-27b2-43ac-b6bb-3266db8f591b', 6, 0, '机器学习是人工智能的一个分支，使计算机能够从数据中学习和改进。主要分为监督学习、无监督学习和强化学习。常见的算法包括线性回归、决策树、支持向量机和神经网络。', '52816472023ba92ae23e09812f1a76ecfe0966df9fdcc69809b0184390bdc61f', '{}', 78, '2026-06-06 07:05:36');
INSERT INTO `kb_chunks` VALUES ('d2e1d9be-389b-4d05-90a1-c0743db34779:v1:0:25dd88dab6418b86', 'd2e1d9be-389b-4d05-90a1-c0743db34779', '187e1d8c-0d57-419b-b495-7560a4f184c2', 2, 0, '# 11\n\n**5. 文件上传 + 分析（核心差异化）**\n\n用户上传 PDF、Word、Excel，AI 直接分析。这结合你已有的 RAG 体系，是最大亮点。\n\njava\n\n```java\n// 后端接收文件，动态写入向量库\n@PostMapping(\"/upload\")\npublic Result<?> uploadDocument(@RequestParam MultipartFile file,\n                                 @RequestParam String sessionId) {\n    // 解析文件 → 切片 → 向量化 → 存入用户专属的 Redis namespace\n}\n```\n\n**6. 知识库管理页面**\n\n让用户自己上传文档建立私有知识库，这是 ChatGPT 免费版没有的功能。\n\n```\n我的知识库\n├── 公司规章制度.pdf  ✓\n├── 产品手册v2.docx  ✓\n└── 竞品分析报告.xlsx ✓\n\n[+ 上传文档]\n```\n\n**7. 提示词模板市场**\n\n预设场景模板，降低用户使用门槛：\n\n```\n📝 合同审查    🔍 竞品分析\n📊 数据解读    💡 头脑风暴\n📧 邮件撰写    🐛 代码调试\n```\n\n**8. 对话分享**\n\n生成分享链接，让用户把好的对话分享给同事，这是增长的关键。\n\n------', '25dd88dab6418b86498875c43f980420981533dbbeb9c41db0fa5fa19356733d', '{\"section\": \"11\"}', 334, '2026-06-21 03:08:54');
INSERT INTO `kb_chunks` VALUES ('d2e1d9be-389b-4d05-90a1-c0743db34779:v1:1:c0b44c2f2408daaa', 'd2e1d9be-389b-4d05-90a1-c0743db34779', '187e1d8c-0d57-419b-b495-7560a4f184c2', 2, 1, '### 第三阶段：商业化功能（4-6个月）\n\n**9. 积分/会员体系**\n\n```\n免费版：每天 20 次对话，不能上传文件\nPro版：无限对话 + 文件上传 + 私有知识库\n企业版：私有部署 + API 接入 + 多人协作\n```\n\n**10. 团队协作**\n\n共享知识库、共享对话、@同事，打企业内部工具市场。\n\n**11. API 开放**\n\n让开发者调用你的服务，收 Token 费用。\n\n------', 'c0b44c2f2408daaac7a82ecce11390d2402e1b7c7a2c95447ce93649836eeb47', '{\"section\": \"第三阶段：商业化功能（4-6个月）\"}', 157, '2026-06-21 03:08:54');
INSERT INTO `kb_chunks` VALUES ('d2e1d9be-389b-4d05-90a1-c0743db34779:v1:2:bf7b901397ceab21', 'd2e1d9be-389b-4d05-90a1-c0743db34779', '187e1d8c-0d57-419b-b495-7560a4f184c2', 2, 2, '## 四、技术优化清单\n\n**后端优化**\n\n| 问题           | 当前状况             | 优化方案                                   |\n| -------------- | -------------------- | ------------------------------------------ |\n| 流式响应编码   | 可能有乱码           | 明确设置 `text/event-stream;charset=UTF-8` |\n| 没有限流       | 单用户可打爆服务     | 加 Redis 限流，每分钟最多 20 次            |\n| 向量库每次重建 | `store()` 方法被注释 | 启动时检查是否已有数据，有则跳过           |\n| 没有异常监控   | 出错只打日志         | 接入 Sentry 或钉钉/企微告警                |\n\n**前端优化**\n\n| 问题             | 优化方案                           |\n| ---------------- | ---------------------------------- |\n| 无 Markdown 渲染 | 引入 marked + highlight.js         |\n| 打字机效果卡顿   | 当前逐字符显示性能差，改为逐词显示 |\n| 无骨架屏         | 加载时显示骨架，减少白屏感知       |\n| 不支持移动端     | 响应式布局适配，或做 PWA           |\n\n------', 'bf7b901397ceab21a8dece29586bbada035a9eb5606485076f7ec786bfc42aa1', '{\"section\": \"四、技术优化清单\"}', 394, '2026-06-21 03:08:54');
INSERT INTO `kb_chunks` VALUES ('d2e1d9be-389b-4d05-90a1-c0743db34779:v1:3:837ab7d6024abe14', 'd2e1d9be-389b-4d05-90a1-c0743db34779', '187e1d8c-0d57-419b-b495-7560a4f184c2', 2, 3, '## 五、最重要的一点\n\n技术只是门槛，**真正留住用户靠的是垂直场景的数据积累**。\n\n你喂进 RAG 的专业文档质量，决定了你的产品天花板。ChatGPT 的通用性是它的优势，也是它的弱点——它不会比一个喂了 10000 份行业合同的法律 AI 更懂法律。\n\n**建议的最小闭环路径：**\n\n选一个垂直领域 → 收集该领域高质量文档 → 喂入知识库 → 做好 Markdown 渲染和对话历史 → 找 20 个目标用户内测 → 根据反馈迭代\n\n这条路走通了，比做一个功能和 ChatGPT 一模一样但质量差一半的通用产品，更有商业价值。', '837ab7d6024abe1486ff93369dd595ce80d6aebf8fbeedc1bfc502f2787443fb', '{\"section\": \"五、最重要的一点\"}', 209, '2026-06-21 03:08:54');

-- ----------------------------
-- Table structure for kb_collections
-- ----------------------------
DROP TABLE IF EXISTS `kb_collections`;
CREATE TABLE `kb_collections`  (
  `id` varchar(36) CHARACTER SET utf8mb4 COLLATE utf8mb4_0900_ai_ci NOT NULL,
  `user_id` int NOT NULL,
  `name` varchar(120) CHARACTER SET utf8mb4 COLLATE utf8mb4_0900_ai_ci NOT NULL,
  `description` varchar(500) CHARACTER SET utf8mb4 COLLATE utf8mb4_0900_ai_ci NULL DEFAULT '',
  `is_default` tinyint(1) NOT NULL DEFAULT 0,
  `created_at` datetime NULL DEFAULT CURRENT_TIMESTAMP,
  `updated_at` datetime NULL DEFAULT CURRENT_TIMESTAMP ON UPDATE CURRENT_TIMESTAMP,
  PRIMARY KEY (`id`) USING BTREE,
  UNIQUE INDEX `uq_kb_collection_name`(`user_id` ASC, `name` ASC) USING BTREE,
  INDEX `idx_kb_collection_user`(`user_id` ASC) USING BTREE,
  CONSTRAINT `kb_collections_ibfk_1` FOREIGN KEY (`user_id`) REFERENCES `users` (`id`) ON DELETE CASCADE ON UPDATE RESTRICT
) ENGINE = InnoDB CHARACTER SET = utf8mb4 COLLATE = utf8mb4_0900_ai_ci ROW_FORMAT = Dynamic;

-- ----------------------------
-- Records of kb_collections
-- ----------------------------
INSERT INTO `kb_collections` VALUES ('187e1d8c-0d57-419b-b495-7560a4f184c2', 2, '规则', '11', 0, '2026-06-10 13:00:31', '2026-06-10 13:00:31');
INSERT INTO `kb_collections` VALUES ('1d1217c3-6f87-4799-98ba-1fd12fe0da51', 7, '默认知识库', '由系统自动创建', 1, '2026-06-06 07:05:35', '2026-06-06 07:05:35');
INSERT INTO `kb_collections` VALUES ('28594be4-53bc-4cdd-b85c-aa81c864a99d', 14, '默认知识库', '由系统自动创建', 1, '2026-06-25 02:48:22', '2026-06-25 02:48:22');
INSERT INTO `kb_collections` VALUES ('2cb41af7-af7d-4b27-9404-bef621770b59', 2, 'wd', 'SCAS', 0, '2026-06-25 12:20:03', '2026-06-25 12:20:03');
INSERT INTO `kb_collections` VALUES ('3354ccbc-ec69-4939-b133-648140d674e4', 14, '我的最新知识库', '记录我的笔记', 0, '2026-06-21 04:57:45', '2026-06-21 04:57:45');
INSERT INTO `kb_collections` VALUES ('5276e2a1-0343-4dd9-9d43-734e5871c9fa', 3, '默认知识库', '由系统自动创建', 1, '2026-06-06 07:05:35', '2026-06-06 07:05:35');
INSERT INTO `kb_collections` VALUES ('610488c5-d34e-4409-a60f-b134144e22e5', 8, '默认知识库', '由系统自动创建', 1, '2026-06-06 07:05:35', '2026-06-06 07:05:35');
INSERT INTO `kb_collections` VALUES ('685b4c9f-2aa7-4a24-a922-a94b87efe46c', 13, '默认知识库', '由系统自动创建', 1, '2026-06-19 05:49:28', '2026-06-19 05:49:28');
INSERT INTO `kb_collections` VALUES ('7693e1c2-c1dd-4e8f-b9a6-ebb112949c34', 10, '????', '??????', 0, '2026-06-06 07:08:43', '2026-06-06 07:08:43');
INSERT INTO `kb_collections` VALUES ('a2d47e7e-87a5-432e-afd2-c6c24d8bf33e', 2, '默认知识库', '由系统自动创建', 1, '2026-06-06 07:05:35', '2026-06-06 07:05:35');
INSERT INTO `kb_collections` VALUES ('ac797cc9-fa4c-4891-8be9-c8a3a745b79a', 5, '默认知识库', '由系统自动创建', 1, '2026-06-06 07:05:35', '2026-06-06 07:05:35');
INSERT INTO `kb_collections` VALUES ('c13e030b-9ddd-46cb-8693-5f585e488d95', 4, '默认知识库', '由系统自动创建', 1, '2026-06-06 07:05:35', '2026-06-06 07:05:35');
INSERT INTO `kb_collections` VALUES ('ca491ab9-2d6e-456b-8cb1-1fd2c2b6ab61', 11, '默认知识库', '由系统自动创建', 1, '2026-06-10 12:11:01', '2026-06-10 12:11:01');
INSERT INTO `kb_collections` VALUES ('e3113eb5-8a78-469b-8754-100dd3ac3478', 10, '默认知识库', '由系统自动创建', 1, '2026-06-06 07:16:12', '2026-06-06 07:16:12');
INSERT INTO `kb_collections` VALUES ('e9788ee0-27b2-43ac-b6bb-3266db8f591b', 6, '默认知识库', '由系统自动创建', 1, '2026-06-06 07:05:35', '2026-06-06 07:05:35');
INSERT INTO `kb_collections` VALUES ('ecd72e4c-2af0-4bd7-920d-e9dac913fb3e', 14, '123', '123', 0, '2026-06-21 04:59:18', '2026-06-21 04:59:18');
INSERT INTO `kb_collections` VALUES ('f6e5d4e3-3858-4951-8bab-e9cc830e8991', 12, '默认知识库', '由系统自动创建', 1, '2026-06-10 12:11:01', '2026-06-10 12:11:01');

-- ----------------------------
-- Table structure for kb_documents
-- ----------------------------
DROP TABLE IF EXISTS `kb_documents`;
CREATE TABLE `kb_documents`  (
  `id` varchar(36) CHARACTER SET utf8mb4 COLLATE utf8mb4_0900_ai_ci NOT NULL,
  `user_id` int NOT NULL,
  `collection_id` varchar(36) CHARACTER SET utf8mb4 COLLATE utf8mb4_0900_ai_ci NULL DEFAULT NULL,
  `title` varchar(200) CHARACTER SET utf8mb4 COLLATE utf8mb4_0900_ai_ci NOT NULL,
  `doc_type` varchar(20) CHARACTER SET utf8mb4 COLLATE utf8mb4_0900_ai_ci NOT NULL DEFAULT 'text',
  `filename` varchar(255) CHARACTER SET utf8mb4 COLLATE utf8mb4_0900_ai_ci NULL DEFAULT NULL,
  `file_path` varchar(500) CHARACTER SET utf8mb4 COLLATE utf8mb4_0900_ai_ci NULL DEFAULT NULL,
  `minio_object` varchar(500) CHARACTER SET utf8mb4 COLLATE utf8mb4_0900_ai_ci NULL DEFAULT NULL,
  `minio_url` text CHARACTER SET utf8mb4 COLLATE utf8mb4_0900_ai_ci NULL,
  `source_text` longtext CHARACTER SET utf8mb4 COLLATE utf8mb4_0900_ai_ci NULL,
  `file_hash` char(64) CHARACTER SET utf8mb4 COLLATE utf8mb4_0900_ai_ci NULL DEFAULT NULL,
  `version` int NOT NULL DEFAULT 1,
  `status` varchar(20) CHARACTER SET utf8mb4 COLLATE utf8mb4_0900_ai_ci NOT NULL DEFAULT 'queued',
  `error_message` text CHARACTER SET utf8mb4 COLLATE utf8mb4_0900_ai_ci NULL,
  `chunk_count` int NULL DEFAULT 0,
  `indexed_at` datetime NULL DEFAULT NULL,
  `created_at` datetime NULL DEFAULT CURRENT_TIMESTAMP,
  `updated_at` datetime NULL DEFAULT CURRENT_TIMESTAMP ON UPDATE CURRENT_TIMESTAMP,
  PRIMARY KEY (`id`) USING BTREE,
  INDEX `user_id`(`user_id` ASC) USING BTREE,
  CONSTRAINT `kb_documents_ibfk_1` FOREIGN KEY (`user_id`) REFERENCES `users` (`id`) ON DELETE CASCADE ON UPDATE RESTRICT
) ENGINE = InnoDB CHARACTER SET = utf8mb4 COLLATE = utf8mb4_0900_ai_ci ROW_FORMAT = Dynamic;

-- ----------------------------
-- Records of kb_documents
-- ----------------------------
INSERT INTO `kb_documents` VALUES ('0ce14e9e-b98d-4fc8-beb7-f5c6968092ed', 10, 'e3113eb5-8a78-469b-8754-100dd3ac3478', 'M200规格', 'text', NULL, NULL, NULL, NULL, '火星计划 M200 的电池容量为 8000mAh，标准售价 2999 元。', '3c092ad74eec331a6a88ebde95494bffd03e6d911b355b70f5967a4eaf047775', 1, 'ready', NULL, 1, '2026-06-06 07:16:54', '2026-06-06 07:16:51', '2026-06-06 07:16:54');
INSERT INTO `kb_documents` VALUES ('0db7a891-7bcb-44ed-ab0d-7b4d25ea6160', 2, '187e1d8c-0d57-419b-b495-7560a4f184c2', 'DBSCAN最佳客户.csv', 'csv', 'DBSCAN最佳客户.csv', NULL, 'kb/2/187e1d8c-0d57-419b-b495-7560a4f184c2/f8df1a83c653474588a73d5059ecbbbc.csv', 'http://localhost:9000/ros123/kb/2/187e1d8c-0d57-419b-b495-7560a4f184c2/f8df1a83c653474588a73d5059ecbbbc.csv?X-Amz-Algorithm=AWS4-HMAC-SHA256&X-Amz-Credential=minioadmin%2F20260621%2Fus-east-1%2Fs3%2Faws4_request&X-Amz-Date=20260621T031140Z&X-Amz-Expires=604800&X-Amz-SignedHeaders=host&X-Amz-Signature=5175d522702755f36572fb96f2c7fbfd63ccf8aaa736bd7b0be5a79b7e064d1b', NULL, '8e5f3f75870bc51abe80156b102093fa2b36fec5bd43b604559307b7d70596ca', 1, 'ready', NULL, 1, '2026-06-21 03:11:42', '2026-06-21 03:11:41', '2026-06-21 03:11:42');
INSERT INTO `kb_documents` VALUES ('15209a4a-5922-49f3-b7cb-dbfb3be0cd47', 2, 'a2d47e7e-87a5-432e-afd2-c6c24d8bf33e', '11.md', 'md', '11.md', NULL, 'kb/2/a2d47e7e-87a5-432e-afd2-c6c24d8bf33e/8c90c9a14d304d58b5f484635cb8e7dd.md', 'http://localhost:9000/ros123/kb/2/a2d47e7e-87a5-432e-afd2-c6c24d8bf33e/8c90c9a14d304d58b5f484635cb8e7dd.md?X-Amz-Algorithm=AWS4-HMAC-SHA256&X-Amz-Credential=minioadmin%2F20260621%2Fus-east-1%2Fs3%2Faws4_request&X-Amz-Date=20260621T031013Z&X-Amz-Expires=604800&X-Amz-SignedHeaders=host&X-Amz-Signature=6bd74da6c7db6b91227f13884913495cd22885190e45511401b205312c767335', NULL, 'da4c800e23c39228349632cd49043de7284896c84d87b17921521585028fc0d7', 1, 'ready', NULL, 4, '2026-06-21 03:10:15', '2026-06-21 03:10:13', '2026-06-21 03:10:15');
INSERT INTO `kb_documents` VALUES ('16336868-3c7b-4c5f-a28a-8c463190bb75', 14, 'ecd72e4c-2af0-4bd7-920d-e9dac913fb3e', '记录.txt', 'txt', '记录.txt', NULL, 'kb/14/ecd72e4c-2af0-4bd7-920d-e9dac913fb3e/c62567ea6ea74481b0bbbb39f5a85496.txt', 'http://localhost:9000/ros123/kb/14/ecd72e4c-2af0-4bd7-920d-e9dac913fb3e/c62567ea6ea74481b0bbbb39f5a85496.txt?X-Amz-Algorithm=AWS4-HMAC-SHA256&X-Amz-Credential=minioadmin%2F20260621%2Fus-east-1%2Fs3%2Faws4_request&X-Amz-Date=20260621T045931Z&X-Amz-Expires=604800&X-Amz-SignedHeaders=host&X-Amz-Signature=2ac75026ffd15bb43fbd52bb82e2ae3add676b8ea629cf546e7a6f30386b02d1', NULL, '0cedd7e20891be9ef8d29d343b4f0cad7fadd12b77b0a129764df2f90e7a5c37', 1, 'ready', NULL, 3, '2026-06-21 04:59:32', '2026-06-21 04:59:31', '2026-06-21 04:59:32');
INSERT INTO `kb_documents` VALUES ('2120f655-b683-4d5b-9802-efeb1ce850cd', 6, 'e9788ee0-27b2-43ac-b6bb-3266db8f591b', 'Python基础', 'text', NULL, NULL, NULL, NULL, NULL, NULL, 1, 'ready', NULL, 1, '2026-06-06 07:05:35', '2026-05-26 01:38:54', '2026-06-06 07:05:35');
INSERT INTO `kb_documents` VALUES ('360719ac-0b5f-442c-ae98-ba202ec237b7', 14, '3354ccbc-ec69-4939-b133-648140d674e4', '在线讲义.txt', 'txt', '在线讲义.txt', NULL, 'kb/14/3354ccbc-ec69-4939-b133-648140d674e4/a9c26ced27ad41cfa36319036f6df51b.txt', 'http://localhost:9000/ros123/kb/14/3354ccbc-ec69-4939-b133-648140d674e4/a9c26ced27ad41cfa36319036f6df51b.txt?X-Amz-Algorithm=AWS4-HMAC-SHA256&X-Amz-Credential=minioadmin%2F20260621%2Fus-east-1%2Fs3%2Faws4_request&X-Amz-Date=20260621T045752Z&X-Amz-Expires=604800&X-Amz-SignedHeaders=host&X-Amz-Signature=98c9155a4c91026db2a33c90be20b3f6f5fa5ee5ffec42ba036efc23cb75499f', NULL, '58d4d5b1a07da87c57e1fcf77d75583d95b5a964d051a2eec08736fd7db51013', 1, 'ready', NULL, 1, '2026-06-21 04:57:53', '2026-06-21 04:57:52', '2026-06-21 04:57:53');
INSERT INTO `kb_documents` VALUES ('6b2d59c0-ff65-4676-9388-22a940279296', 14, '3354ccbc-ec69-4939-b133-648140d674e4', '11.md', 'md', '11.md', NULL, 'kb/14/3354ccbc-ec69-4939-b133-648140d674e4/75ce68b7bfe749df83f35c2c532d98a5.md', 'http://localhost:9000/ros123/kb/14/3354ccbc-ec69-4939-b133-648140d674e4/75ce68b7bfe749df83f35c2c532d98a5.md?X-Amz-Algorithm=AWS4-HMAC-SHA256&X-Amz-Credential=minioadmin%2F20260621%2Fus-east-1%2Fs3%2Faws4_request&X-Amz-Date=20260621T045815Z&X-Amz-Expires=604800&X-Amz-SignedHeaders=host&X-Amz-Signature=62bd960a1e489111104e859af05cfbe37a4d2dc4944254dbb6a399ea6e846621', NULL, 'da4c800e23c39228349632cd49043de7284896c84d87b17921521585028fc0d7', 1, 'ready', NULL, 4, '2026-06-21 04:59:08', '2026-06-21 04:58:15', '2026-06-21 04:59:08');
INSERT INTO `kb_documents` VALUES ('6f750101-260f-4bef-9257-f59d15eb432b', 10, '7693e1c2-c1dd-4e8f-b9a6-ebb112949c34', '???????', 'text', NULL, NULL, NULL, NULL, '????? X100 ?? Wi-Fi 7??????? 9.6Gbps????? 2.5G ????????????????? 400-123-8899?', 'aa618c50eb135bf5f49fbad281cce9fb84d3a1a6c485419851c5e829b805b993', 1, 'ready', NULL, 1, '2026-06-06 07:08:46', '2026-06-06 07:08:43', '2026-06-06 07:08:46');
INSERT INTO `kb_documents` VALUES ('888d4ab5-1269-4e8a-b4d3-a3e6284ab963', 10, '7693e1c2-c1dd-4e8f-b9a6-ebb112949c34', '星云路由器中文规格', 'text', NULL, NULL, NULL, NULL, '星云路由器 X100 支持 Wi-Fi 7，最大无线速率 9.6Gbps，提供四个 2.5G 网口。设备质保期为三年。售后热线是 400-123-8899。', 'ce29cd0181fcdc69b71823789a85b1c5078393e6e028ec633d9419864b2d1d66', 1, 'ready', NULL, 1, '2026-06-06 07:09:28', '2026-06-06 07:09:32', '2026-06-06 07:09:28');
INSERT INTO `kb_documents` VALUES ('bab47b79-5270-483b-826d-6aa66d32d010', 6, 'e9788ee0-27b2-43ac-b6bb-3266db8f591b', 'FastAPI框架', 'text', NULL, NULL, NULL, NULL, NULL, NULL, 1, 'ready', NULL, 1, '2026-06-06 07:05:36', '2026-05-26 01:38:59', '2026-06-06 07:05:36');
INSERT INTO `kb_documents` VALUES ('be6f7663-a6dc-494d-9307-8367c87c0df8', 2, '2cb41af7-af7d-4b27-9404-bef621770b59', '11.md', 'md', '11.md', NULL, 'kb/2/2cb41af7-af7d-4b27-9404-bef621770b59/9bfbfb7e035045f79413d5ed163326fd.md', 'http://localhost:9000/ros123/kb/2/2cb41af7-af7d-4b27-9404-bef621770b59/9bfbfb7e035045f79413d5ed163326fd.md?X-Amz-Algorithm=AWS4-HMAC-SHA256&X-Amz-Credential=minioadmin%2F20260625%2Fus-east-1%2Fs3%2Faws4_request&X-Amz-Date=20260625T122008Z&X-Amz-Expires=604800&X-Amz-SignedHeaders=host&X-Amz-Signature=8b2adc3abb5c7bbc091fc00837eec65912a6c0b168b77d822da3f226b0e18968', NULL, 'da4c800e23c39228349632cd49043de7284896c84d87b17921521585028fc0d7', 1, 'ready', NULL, 4, '2026-06-25 12:20:15', '2026-06-25 12:20:07', '2026-06-25 12:20:15');
INSERT INTO `kb_documents` VALUES ('d1e3fb7e-3229-4dc5-9015-e89b4fbe478e', 6, 'e9788ee0-27b2-43ac-b6bb-3266db8f591b', '机器学习简介', 'text', NULL, NULL, NULL, NULL, NULL, NULL, 1, 'ready', NULL, 1, '2026-06-06 07:05:36', '2026-05-26 01:38:57', '2026-06-06 07:05:36');
INSERT INTO `kb_documents` VALUES ('d2e1d9be-389b-4d05-90a1-c0743db34779', 2, '187e1d8c-0d57-419b-b495-7560a4f184c2', '11.md', 'md', '11.md', NULL, 'kb/2/187e1d8c-0d57-419b-b495-7560a4f184c2/9f1a3e37398d4063a38d7bd8792fab51.md', 'http://localhost:9000/ros123/kb/2/187e1d8c-0d57-419b-b495-7560a4f184c2/9f1a3e37398d4063a38d7bd8792fab51.md?X-Amz-Algorithm=AWS4-HMAC-SHA256&X-Amz-Credential=minioadmin%2F20260621%2Fus-east-1%2Fs3%2Faws4_request&X-Amz-Date=20260621T030847Z&X-Amz-Expires=604800&X-Amz-SignedHeaders=host&X-Amz-Signature=5ee2132d27e3da16b0ad28e1d0c11e16bc7d21d6018500dbea9cd06a5164bc91', NULL, 'da4c800e23c39228349632cd49043de7284896c84d87b17921521585028fc0d7', 1, 'ready', NULL, 4, '2026-06-21 03:08:54', '2026-06-21 03:08:47', '2026-06-21 03:08:54');

-- ----------------------------
-- Table structure for kb_jobs
-- ----------------------------
DROP TABLE IF EXISTS `kb_jobs`;
CREATE TABLE `kb_jobs`  (
  `id` varchar(36) CHARACTER SET utf8mb4 COLLATE utf8mb4_0900_ai_ci NOT NULL,
  `document_id` varchar(36) CHARACTER SET utf8mb4 COLLATE utf8mb4_0900_ai_ci NOT NULL,
  `user_id` int NOT NULL,
  `job_type` varchar(20) CHARACTER SET utf8mb4 COLLATE utf8mb4_0900_ai_ci NOT NULL DEFAULT 'index',
  `status` varchar(20) CHARACTER SET utf8mb4 COLLATE utf8mb4_0900_ai_ci NOT NULL DEFAULT 'queued',
  `progress` int NOT NULL DEFAULT 0,
  `stage` varchar(50) CHARACTER SET utf8mb4 COLLATE utf8mb4_0900_ai_ci NOT NULL DEFAULT 'queued',
  `attempts` int NOT NULL DEFAULT 0,
  `max_attempts` int NOT NULL DEFAULT 3,
  `claim_token` varchar(64) CHARACTER SET utf8mb4 COLLATE utf8mb4_0900_ai_ci NULL DEFAULT NULL,
  `error_message` text CHARACTER SET utf8mb4 COLLATE utf8mb4_0900_ai_ci NULL,
  `started_at` datetime NULL DEFAULT NULL,
  `finished_at` datetime NULL DEFAULT NULL,
  `created_at` datetime NULL DEFAULT CURRENT_TIMESTAMP,
  `updated_at` datetime NULL DEFAULT CURRENT_TIMESTAMP ON UPDATE CURRENT_TIMESTAMP,
  PRIMARY KEY (`id`) USING BTREE,
  INDEX `idx_kb_jobs_user`(`user_id` ASC) USING BTREE,
  INDEX `idx_kb_jobs_document`(`document_id` ASC) USING BTREE,
  INDEX `idx_kb_jobs_status`(`status` ASC) USING BTREE
) ENGINE = InnoDB CHARACTER SET = utf8mb4 COLLATE = utf8mb4_0900_ai_ci ROW_FORMAT = Dynamic;

-- ----------------------------
-- Records of kb_jobs
-- ----------------------------
INSERT INTO `kb_jobs` VALUES ('1d3211cf-7175-4170-aea4-2dfcdfc18e1b', '15209a4a-5922-49f3-b7cb-dbfb3be0cd47', 2, 'index', 'ready', 100, 'ready', 1, 3, '595e2bcd51bb40e9b81292f17f652279', NULL, '2026-06-21 03:10:13', '2026-06-21 03:10:15', '2026-06-21 03:10:13', '2026-06-21 03:10:15');
INSERT INTO `kb_jobs` VALUES ('261ca964-d625-41d3-bbed-47d245f5cec8', '0ce14e9e-b98d-4fc8-beb7-f5c6968092ed', 10, 'index', 'ready', 100, 'ready', 1, 3, '29b4f08663a541a19971f8cd7602cab0', NULL, '2026-06-06 07:16:51', '2026-06-06 07:16:54', '2026-06-06 07:16:51', '2026-06-06 07:16:54');
INSERT INTO `kb_jobs` VALUES ('266cd519-1ef5-4924-bbe4-1679489a0006', '16336868-3c7b-4c5f-a28a-8c463190bb75', 14, 'index', 'ready', 100, 'ready', 1, 3, '413b2ebfcbe649b8a164a42773c04f3d', NULL, '2026-06-21 04:59:31', '2026-06-21 04:59:32', '2026-06-21 04:59:31', '2026-06-21 04:59:32');
INSERT INTO `kb_jobs` VALUES ('30dc10ed-5e98-4965-8934-f84a9b167078', '360719ac-0b5f-442c-ae98-ba202ec237b7', 14, 'index', 'ready', 100, 'ready', 1, 3, '2b38dfa2a90b4c40841c7fea6fba2ad5', NULL, '2026-06-21 04:57:52', '2026-06-21 04:57:53', '2026-06-21 04:57:52', '2026-06-21 04:57:53');
INSERT INTO `kb_jobs` VALUES ('390038e0-16af-4a6b-9231-a09662e8d8bc', 'be6f7663-a6dc-494d-9307-8367c87c0df8', 2, 'index', 'ready', 100, 'ready', 1, 3, '2bed3e4d7e9e437fad56fe58c8cb9417', NULL, '2026-06-25 12:20:08', '2026-06-25 12:20:15', '2026-06-25 12:20:07', '2026-06-25 12:20:15');
INSERT INTO `kb_jobs` VALUES ('bfa583ce-b5a4-4e86-b33e-dc240966c820', '6b2d59c0-ff65-4676-9388-22a940279296', 14, 'index', 'ready', 100, 'ready', 1, 3, '3f918bc1f45144c1876cf495b98ede7b', NULL, '2026-06-21 04:59:06', '2026-06-21 04:59:08', '2026-06-21 04:58:15', '2026-06-21 04:59:08');
INSERT INTO `kb_jobs` VALUES ('ca496664-b49f-49eb-bd72-56b89fbd42d3', '888d4ab5-1269-4e8a-b4d3-a3e6284ab963', 10, 'index', 'ready', 100, 'ready', 1, 3, '2bcbd47a5c0f40f4a655f7ecb41f297a', NULL, '2026-06-06 07:09:28', '2026-06-06 07:09:28', '2026-06-06 07:09:32', '2026-06-06 07:09:28');
INSERT INTO `kb_jobs` VALUES ('cc6441d6-f49e-4415-9de2-c35f76d8511d', '6f750101-260f-4bef-9257-f59d15eb432b', 10, 'index', 'ready', 100, 'ready', 1, 3, 'e6d26821e0124b3383b09a8323f0cc1b', NULL, '2026-06-06 07:08:43', '2026-06-06 07:08:46', '2026-06-06 07:08:43', '2026-06-06 07:08:46');
INSERT INTO `kb_jobs` VALUES ('d065063e-e550-4118-a431-4d1537652fc0', '0db7a891-7bcb-44ed-ab0d-7b4d25ea6160', 2, 'index', 'ready', 100, 'ready', 1, 3, 'e8fd5f2c37c74fba9c49f9afd7d44249', NULL, '2026-06-21 03:11:41', '2026-06-21 03:11:42', '2026-06-21 03:11:41', '2026-06-21 03:11:42');
INSERT INTO `kb_jobs` VALUES ('f1e3a5a8-af29-499a-86d3-244e27e6a7fc', 'd2e1d9be-389b-4d05-90a1-c0743db34779', 2, 'index', 'ready', 100, 'ready', 1, 3, '8c572007de21468681639ae4f3b6c40b', NULL, '2026-06-21 03:08:47', '2026-06-21 03:08:54', '2026-06-21 03:08:47', '2026-06-21 03:08:54');

-- ----------------------------
-- Table structure for messages
-- ----------------------------
DROP TABLE IF EXISTS `messages`;
CREATE TABLE `messages`  (
  `id` int NOT NULL AUTO_INCREMENT,
  `conversation_id` int NOT NULL,
  `role` varchar(20) CHARACTER SET utf8mb4 COLLATE utf8mb4_unicode_ci NOT NULL,
  `content` longtext CHARACTER SET utf8mb4 COLLATE utf8mb4_unicode_ci NOT NULL,
  `attachments_json` longtext CHARACTER SET utf8mb4 COLLATE utf8mb4_unicode_ci NULL,
  `created_at` datetime NULL DEFAULT CURRENT_TIMESTAMP,
  `sources_json` longtext CHARACTER SET utf8mb4 COLLATE utf8mb4_unicode_ci NULL,
  PRIMARY KEY (`id`) USING BTREE,
  INDEX `conversation_id`(`conversation_id` ASC) USING BTREE,
  CONSTRAINT `messages_ibfk_1` FOREIGN KEY (`conversation_id`) REFERENCES `conversations` (`id`) ON DELETE CASCADE ON UPDATE RESTRICT
) ENGINE = InnoDB AUTO_INCREMENT = 146 CHARACTER SET = utf8mb4 COLLATE = utf8mb4_unicode_ci ROW_FORMAT = Dynamic;

-- ----------------------------
-- Records of messages
-- ----------------------------
INSERT INTO `messages` VALUES (5, 3, 'user', 'asx', NULL, '2026-05-25 16:49:54', NULL);
INSERT INTO `messages` VALUES (6, 3, 'assistant', '**ASX** most commonly refers to the **Australian Securities Exchange**, which is the primary stock exchange in Australia. \n\nHere are a few key facts about the financial ASX:\n* **Location:** Based in Sydney, Australia.\n* **Main Benchmark:** The **S&P/ASX 200** is the most widely tracked index, representing the top 200 companies by market capitalization.\n* **Market Cap:** It is one of the top 15 largest stock exchanges in the world by market capitalization.\n* **What it trades:** Stocks, derivatives, fixed income, and commodities.\n\nAlternatively, **ASX** could also refer to:\n* **Mitsubishi ASX:** A popular compact crossover SUV sold globally (also known as the Mitsubishi Outlander Sport in some markets).\n* **ASX Limited:** The actual public company (listed on the exchange itself under the ticker ASX) that operates the Australian Securities Exchange.\n\n**How can I help you with this?** Are you looking for:\n* Current market data or stock prices?\n* Information on how to invest in the ASX?\n* Trading hours or market holidays?\n* Details about the Mitsubishi ASX car?\n* Something else entirely?', NULL, '2026-05-25 16:50:11', NULL);
INSERT INTO `messages` VALUES (12, 3, 'user', '你是谁?', NULL, '2026-05-26 02:21:52', NULL);
INSERT INTO `messages` VALUES (13, 3, 'assistant', '我是 **DeepSeek**，由深度求索公司创造的AI助手！\n\n简单介绍一下我自己：\n- **身份**：纯文本AI模型，专注于理解和生成文字\n- **知识截止时间**：2025年5月\n- **能力特点**：\n  - 支持阅读链接和处理上传的文件（图像、PDF、Word、Excel、PPT等，会提取其中的文字信息）\n  - 拥有1M超大上下文，可以一次性处理像《三体》三部曲这么大体量的内容\n  - 可以联网搜索（需要你在Web/App端手动开启）\n  - 完全**免费**使用！\n\n- **使用渠道**：网页版、App端（支持语音输入）\n\n虽然我不能识别图片内容，但如果你上传图片文件，我可以读取里面的文字。有什么我可以帮你的吗？还是想继续之前关于ASX的话题？😊', NULL, '2026-05-26 02:22:01', NULL);
INSERT INTO `messages` VALUES (14, 3, 'user', '你不支持读取txt文档吗?', NULL, '2026-05-26 02:23:58', NULL);
INSERT INTO `messages` VALUES (15, 3, 'assistant', '抱歉造成了误解！实际上我**是支持读取 txt 文档的**！\n\n在之前自我介绍时，我提到了图像、PDF、Word、Excel、PPT 等常见格式，但漏掉了 txt 文本文件。txt 作为纯文本格式，我完全可以读取其中的文字内容。\n\n**我支持的文件格式包括但不限于：**\n- 📝 文本文件：txt\n- 📄 文档：PDF、Word（doc/docx）、Excel（xls/xlsx）、PPT（ppt/pptx）\n- 🖼️ 图片：jpg、png 等（从中提取文字信息）\n\n所以，如果你有 txt 文档需要我读取分析，尽管上传，我来帮你处理！有什么需要帮忙的吗？还是想继续回到之前关于 ASX 的话题？😊', NULL, '2026-05-26 02:24:11', NULL);
INSERT INTO `messages` VALUES (17, 4, 'user', '你是谁?', NULL, '2026-05-26 02:27:10', NULL);
INSERT INTO `messages` VALUES (18, 4, 'assistant', '你好呀！我是DeepSeek，由深度求索公司创造的AI助手。😊\n\n我是一个纯文本模型，可以帮你解答问题、处理文件、进行对话交流等。虽然我不支持多模态识别，但可以上传图像、PDF、Word、Excel等文件，我会从中读取文字信息来帮你处理。\n\n我的一些特点包括：\n- **完全免费**使用\n- 支持**1M上下文**，可以一次性处理像《三体》三部曲那样的大部头书籍\n- 支持**联网搜索**（需要手动开启）\n- **语音输入**功能（App端）\n- 知识截止到2025年5月\n\n有什么我可以帮你的吗？无论是学习、工作还是日常问题，尽管问我！🌟', NULL, '2026-05-26 02:27:17', NULL);
INSERT INTO `messages` VALUES (19, 3, 'user', '哪里有免费的向量模型embedding', NULL, '2026-05-26 05:24:21', NULL);
INSERT INTO `messages` VALUES (20, 3, 'assistant', '有很多地方可以获取免费的向量模型（Embedding）。选择哪个取决于你对**性能、本地部署、多语言支持和易用性**的需求。\n\n以下是目前主流且免费的向量模型来源：\n\n### 1. 开源模型巨头（需本地部署/自托管）\n\n这些是目前综合性能最强的开源选项，通常通过 **HuggingFace** 或 **Ollama** 下载运行。\n\n- **Cohere (via HuggingFace)**\n  - **模型名称**：`Cohere/embed-multilingual-v3.0` 或 `embed-english-v3.0`\n  - **优势**：非商业用途完全免费。多语言版支持中文，性能极强（MTEB 榜单头部），支持 1024 维。\n  - **获取**：HuggingFace 直接下载。需要申请 API Key 才能下载模型权重（免费）。\n\n- **BAAI 北京智源研究院 (FlagEmbedding)**\n  - **模型名称**：`BAAI/bge-m3`， `BAAI/bge-large-zh-v1.5`（中文专用）\n  - **优势**：**国内开发者首选**。同为 MTEB 榜单顶尖选手，对中文极其友好，完全开源免费。\n  - **特点**：BGE-M3 支持多语言和稀疏/稠密混合检索。\n\n- **Alibaba-NLP (阿里通义实验室)**\n  - **模型名称**：`Alibaba-NLP/gte-Qwen2-7B-instruct` 或 `gte-large-zh` 系列。\n  - **优势**：最新的 GTE 系列结合了 Qwen 大模型能力，在长文本和复杂语义上表现优异，开源免费。\n\n- **Snowflake (Arctic Embed)**\n  - **模型名称**：`Snowflake/snowflake-arctic-embed-l` 等\n  - **优势**：企业级开源，专门针对检索优化，适合 RAG（检索增强生成）场景。\n\n### 2. 免费在线 API（无需显卡，直接调用）\n\n如果你不想本地部署，可以直接调用以下服务的 API，它们提供免费额度。\n\n- **Jina AI (Reader & Embeddings)**\n  - **模型**：`jina-embeddings-v3`\n  - **免费额度**：提供 **100万 Token 免费额度**（新用户注册）。\n  - **优势**：支持超长文本（8192 Token），多语言效果好，任务特定 LoRA 适配器。\n\n- **SiliconFlow (硅基流动)**\n  - **模型**：提供 BAAI/BGE、Qwen 等各类开源模型的 API 接口。\n  - **免费额度**：注册即送 **14 元**（约 2000万 Token 免费体验）。\n  - **优势**：国内网络直连，速度极快，不用自己买显卡跑模型。\n\n- **OpenAI 兼容接口 (DeepSeek / 通义千问)**\n  - **说明**：虽然他们是生成式模型，但有些也提供了专门的 Embedding 服务。\n  - **注意**：DeepSeek 目前没有推出专门的 Embedding API 接口，建议重点关注通义千问、智谱 GLM 或上述 BGE 系列。\n\n### 3. 轻量级本地运行（通过 Ollama）\n\n如果你只是想随便试试，不想写复杂代码：\n\n- **Nomic Embed Text**\n  - 在 Ollama 里直接 `ollama pull nomic-embed-text`\n  - 完全本地运行，速度快，占用资源小。\n- **BGE-M3**\n  - 很多工具（如 AnythingLLM, Dify）也支持直接挂载 BGE 模型。\n\n---\n\n**总结建议：**\n- **追求质量 & 中文最佳，且有显卡**：选 **BAAI/bge-m3** 或 **Alibaba-NLP/gte-Qwen2**。\n- **没显卡，想用 API**：注册 **硅基流动 (SiliconFlow)**，直接调 BGE-M3 接口。\n- **国外项目**：用 **Cohere** 或 **Jina AI** 的免费额度。\n\n需要我提供其中某个模型的具体下载链接或 Python 调用代码吗？', NULL, '2026-05-26 05:24:50', NULL);
INSERT INTO `messages` VALUES (21, 5, 'user', '用Python写一个快速排序算法', NULL, '2026-05-26 05:30:46', NULL);
INSERT INTO `messages` VALUES (22, 5, 'assistant', '以下是快速排序的 Python 实现，包含**原地排序版本**和**返回新列表版本**，并附带详细注释和示例。\n\n---\n\n### 1. 原地快速排序（In-place Quick Sort）\n```python\ndef quicksort_inplace(arr, low, high):\n    \"\"\"\n    对 arr[low..high] 进行原地快速排序\n    \"\"\"\n    if low < high:\n        # 分区操作，返回 pivot 的最终位置\n        pivot_index = partition(arr, low, high)\n        # 递归排序 pivot 左边的部分\n        quicksort_inplace(arr, low, pivot_index - 1)\n        # 递归排序 pivot 右边的部分\n        quicksort_inplace(arr, pivot_index + 1, high)\n\ndef partition(arr, low, high):\n    \"\"\"\n    选择最后一个元素作为 pivot，将数组分为两部分：\n    左边所有元素 <= pivot，右边所有元素 > pivot\n    返回 pivot 最终所在索引\n    \"\"\"\n    pivot = arr[high]          # 选择最后一个元素作为基准\n    i = low - 1                # i 指向小于 pivot 的区域边界\n    \n    for j in range(low, high):\n        # 如果当前元素小于或等于 pivot\n        if arr[j] <= pivot:\n            i += 1\n            # 交换 arr[i] 和 arr[j]\n            arr[i], arr[j] = arr[j], arr[i]\n    \n    # 将 pivot 放到正确的位置（i+1）\n    arr[i + 1], arr[high] = arr[high], arr[i + 1]\n    return i + 1\n\n# 封装成方便调用的函数\ndef quick_sort(arr):\n    quicksort_inplace(arr, 0, len(arr) - 1)\n    return arr\n\n# 示例\nif __name__ == \"__main__\":\n    data = [10, 7, 8, 9, 1, 5]\n    print(\"原数组:\", data)\n    quick_sort(data)\n    print(\"排序后:\", data)\n```\n\n---\n\n### 2. 返回新列表的快速排序（简单版，但非原地）\n```python\ndef quicksort_simple(arr):\n    \"\"\"\n    基于列表推导的简洁实现，返回新列表\n    适合理解原理，但空间开销较大\n    \"\"\"\n    if len(arr) <= 1:\n        return arr\n    pivot = arr[len(arr) // 2]          # 选择中间元素作为基准\n    left = [x for x in arr if x < pivot]   # 小于 pivot 的元素\n    middle = [x for x in arr if x == pivot]\n    right = [x for x in arr if x > pivot]  # 大于 pivot 的元素\n    return quicksort_simple(left) + middle + quicksort_simple(right)\n\n# 示例\nprint(quicksort_simple([10, 7, 8, 9, 1, 5]))\n# 输出: [1, 5, 7, 8, 9, 10]\n```\n\n---\n\n### 关键点说明\n- **时间复杂度**：平均 O(n log n)，最坏 O(n²)（可通过随机选择 pivot 优化）\n- **原地版本**空间复杂度 O(log n)（递归栈），**简洁版本**空间 O(n)\n- **稳定性**：快速排序通常不是稳定排序（但可通过特殊设计实现稳定）\n- **优化**：实际使用中可选“三数取中法”选择 pivot，避免最坏情况', NULL, '2026-05-26 05:31:01', NULL);
INSERT INTO `messages` VALUES (23, 4, 'user', '你是谁?', NULL, '2026-05-28 06:58:14', NULL);
INSERT INTO `messages` VALUES (24, 4, 'assistant', '我是DeepSeek，由深度求索公司创造的AI助手！😊\n\n简单来说，我是一个纯文本模型，可以和你聊天、回答问题、处理文件（比如上传PDF、Word、Excel等，我能读取其中的文字信息）、帮你写作、编程、学习等等。\n\n亮点是：\n- **完全免费**\n- **1M超长上下文**，可以一口气处理三体三部曲那么大的内容\n- 支持**联网搜索**（需要手动开启）\n- App端支持**语音输入**\n\n有什么想聊的，或者需要我帮忙的吗？尽管说～', NULL, '2026-05-28 06:58:22', NULL);
INSERT INTO `messages` VALUES (25, 3, 'user', '[知识库: 11]\n\n---\n\n提取一下这个文档', NULL, '2026-06-01 06:32:25', NULL);
INSERT INTO `messages` VALUES (26, 3, 'assistant', '您提供的是《2025年海南省引进海外高层次人才公告》文档。以下是核心内容提取：\n\n---\n\n**发文单位**：中共海南省委人才工作领导小组办公室\n\n**发布时间**：2025-04-25\n\n---\n\n## 一、引才对象\n\n聚焦**海南自由贸易港“4+3+3”现代化产业体系**，引进四类海外人才：\n\n1. **A类（顶尖人才）**：诺贝尔奖获得者、两院院士等国际顶尖科技人才\n2. **B类（领军人才）**：世界知名企业高管、著名高校教授、掌握核心技术的海外高层次人才\n3. **C类（专业人才）**：拥有博士学位的优秀青年人才、紧缺专业人才\n4. **D类（创新人才）**：具有创新创业潜力的海外留学人员及各类专业人才\n\n---\n\n## 二、支持政策（摘要）\n\n- **签证居留**：外国高端人才（A类）可申请5年期人才签证，符合条件者可申请永久居留\n- **资金支持**：最高**1亿元**项目资助，优先支持深海、种业、航天等领域\n- **薪酬激励**：境外高端紧缺人才个人所得税超过15%部分予以免征\n- **住房保障**：A类人才免费提供高品质人才公寓，B/C/D类享受购房补贴或优惠租房\n- **医疗保障**：享受指定医疗机构就医“绿色通道”，配备健康顾问\n- **配偶就业与子女教育**：协调解决配偶随迁就业，子女入学享受便利化服务\n- **其他服务**：人才服务“单一窗口”一站式办理，提供出入境、落户、驾驶证换领等便利\n\n---\n\n## 三、申报方式\n\n登录**海南自由贸易港人才服务网**或联系省人才服务中心进行申报。\n\n---\n\n**文档原文截图**见下方：\n\n> 中共海南省委人才工作领导小组办公室\n> 2025年海南省引进海外高层次人才公告\n> \n> 为加快推进海南自由贸易港建设，大力集聚海外高层次人才，根据《海南自由贸易港人才发展若干规定》等有关文件精神，现就2025年海南省引进海外高层次人才有关事项公告如下：\n> \n> 一、引才对象\n> 聚焦海南自由贸易港“4+3+3”现代化产业体系，重点引进以下四类海外高层次人才：\n> （一）A类（顶尖人才）：诺贝尔奖获得者、两院院士等国际顶尖科技人才。\n> （二）B类（领军人才）：世界知名企业高管、著名高校教授、掌握核心技术的海外高层次人才。\n> （三）C类（专业人才）：拥有博士学位的优秀青年人才、紧缺专业人才。\n> （四）D类（创新人才）：具有创新创业潜力的海外留学人员及各类专业人才。\n> \n> 二、支持政策\n> （一）签证及居留便利。外国高端人才（A类）可申请5年期人才签证，符合条件的外籍人才可申请永久居留。\n> （二）资金支持。对入选人才计划的项目给予最高1亿元项目资助，优先支持深海、种业、航天等重点产业领域。\n> （三）薪酬激励。对在海南自由贸易港工作的境外高端人才和紧缺人才，其个人所得税实际税负超过15%的部分，予以免征。\n> （四）住房保障。A类人才提供免费高品质人才公寓，B类、C类、D类人才可享受购房补贴或优惠租房。\n> （五）医疗保障。享受指定医疗机构就医“绿色通道”服务，配备专属健康顾问。\n> （六）配偶就业与子女教育。协调解决配偶随迁就业问题，子女入学享受便利化服务。\n> （七）其他服务。人才服务“单一窗口”一站式办理相关业务，提供出入境、落户、驾驶证换领等便利服务。\n> \n> 三、申报方式\n> 有意向来琼创新创业的海外高层次人才，可登录海南自由贸易港人才服务网或联系省人才服务中心进行申报。\n\n---\n\n如需进一步了解申报条件、材料清单或具体产业领域详情，我可以帮您查询更多信息。', NULL, '2026-06-01 06:32:54', NULL);
INSERT INTO `messages` VALUES (27, 6, 'user', '[知识库: 33]\n\n---\n\n提取一下这个文档', NULL, '2026-06-01 06:33:51', NULL);
INSERT INTO `messages` VALUES (28, 6, 'assistant', '您提到“这个文档”，但我目前只看到 `[知识库: 33]` 这个引用标记，没有看到具体的文档正文。请您把文档内容粘贴过来，我马上帮您提取关键信息。', NULL, '2026-06-01 06:33:56', NULL);
INSERT INTO `messages` VALUES (29, 7, 'user', '[知识库: 22]\n\n---\n\n提取这个文档内容', NULL, '2026-06-04 03:20:22', NULL);
INSERT INTO `messages` VALUES (30, 7, 'assistant', '我目前无法访问你指定的“[知识库: 22]”中的内容。\n\n这可能是由于以下原因：\n\n1.  **未上传文件**：你尚未在这个对话中上传该知识库对应的文档。\n2.  **平台特定的知识库功能**：如果你使用的是某个带有“知识库”功能的第三方平台，我（作为底层的AI模型）没有权限直接读取该平台存储的特定编号知识库。这通常是平台前端的功能，需要由平台代码触发，将内容作为上下文发给我。\n\n**解决办法：**\n你可以直接将文档中的内容复制粘贴到这里，或者上传对应的文件（如 PDF、Word、TXT 等），我就能立即为你提取和处理信息了。', NULL, '2026-06-04 03:20:39', NULL);
INSERT INTO `messages` VALUES (31, 8, 'user', '[知识库: 1]\n\n---\n\n读取这个文档', NULL, '2026-06-04 04:44:26', NULL);
INSERT INTO `messages` VALUES (32, 8, 'assistant', '我目前无法直接读取你提到的“知识库”中的内容，因为我不知道这个“知识库: 1”具体对应哪份文档或资料。  \n\n为了帮你处理，你可以选择：  \n- 把文档的文字直接粘贴到对话里  \n- 告诉我文档主题或标题，我帮你分析或查找相关信息  \n- 如果知识库是某个平台内的功能，请提供更多说明或权限设置  \n\n请把内容发过来，我就能按你的要求阅读并处理。', NULL, '2026-06-04 04:44:38', NULL);
INSERT INTO `messages` VALUES (33, 9, 'user', '写一首关于秋天的诗', NULL, '2026-06-04 05:23:47', NULL);
INSERT INTO `messages` VALUES (34, 9, 'assistant', '## 《写给秋天的诗》\n\n我认得这片飘落的枫叶，\n曾在四月的枝头燃烧成晚霞。\n是什么样湿润的晚风，\n让你在仲秋的薄暮里沉醉地下沉？\n\n我听见你柔软的腹语，\n在月光的映照间凝结成霜。\n用渐渐冰凉的指尖，\n抚过我尚未加衣的肩膀。\n\n当群星沉入静谧的山脊，\n你将栖息在哪一棵桂树下？\n直到朝雾浸透书页，\n才恍然察觉墨迹里长出的青苔。\n\n或许这个秋天过于辽阔，\n藏着我难以尽述的些许萧瑟。\n若要问那一地散落的斑驳，\n都是些欲言又止的婆娑。', NULL, '2026-06-04 05:24:01', NULL);
INSERT INTO `messages` VALUES (35, 10, 'user', '解释一下什么是机器学习', NULL, '2026-06-04 08:25:59', NULL);
INSERT INTO `messages` VALUES (36, 10, 'assistant', '我们来把“机器学习”这个概念彻底讲清楚。我会尽量用类比和通俗的语言，避免复杂的数学公式。\n\n可以把机器学习理解为**教计算机从数据中学习，并做出决策或预测，而无需进行明确编程**。\n\n简单说，你不是给计算机一条条写死的规则（比如“如果出现A，就执行B”），而是给它大量的例子（数据），让它自己找出其中的规律和模式。\n\n---\n\n### 一个生动的类比：教孩子认猫 vs. 传统编程 vs. 机器学习\n\n想象一下，你想让一个孩子（或计算机）学会识别猫。\n\n-   **传统编程（写死规则）**：\n    你会尝试写下你能想到的所有关于猫的规则：\n    “如果有尖耳朵、长胡须、体型适中、毛茸茸的，并且会喵喵叫，那就是猫。”\n    但问题来了：什么是“尖”耳朵？无毛猫怎么办？折耳猫怎么办？猫在黑暗中的剪影呢？蜷缩成一团的猫呢？你永远无法穷尽所有规则，程序会非常脆弱。\n\n-   **机器学习（教孩子认猫）**：\n    你根本不需要解释什么是猫。你只需要做一件事：**不断给孩子看画有猫的图片，并告诉他“这是猫”；再给他看小狗、汽车、房子的图片，告诉他“这不是猫”**。\n    经过足够多的例子后，孩子的大脑会自动构建出“猫”的概念。当你再给他一张从未见过的猫的图片时，他能准确地说出“这是猫”，甚至能解释为什么（虽然不一定说得清）。机器学习的过程，高度类似这个“看图认物”的过程。\n\n---\n\n### 机器学习的核心定义\n\n从学术上讲，被誉为“机器学习之父”的汤姆·米切尔（Tom Mitchell）在1997年给出了一个经典定义：\n\n> **“如果一个计算机程序针对某类任务T，其性能度量P会随着经验E而自我完善，那么我们称这个程序从经验E中学习。”**\n\n用我们认猫的例子来拆解：\n\n-   **任务 T**：识别图片里有没有猫。\n-   **经验 E**：你给它看的那成千上万张标着“猫”或“非猫”的图片（数据）。\n-   **性能度量 P**：识别新图片的准确率。准确率越高，说明程序越“会”识别猫。\n\n所以，机器学习的本质就是：**利用数据，训练出一个模型，然后用这个模型去完成某项任务，并通过反馈不断提升性能。**\n\n---\n\n### 机器学习的三种主要方式\n\n前面教认猫的例子，在机器学习里有一个更专业的名字，叫监督学习。除此之外，还有另外两种主流的学习方式：\n\n#### 1. 监督学习\n\n这是最常见的一种。它的特点是：**我们给算法的训练数据，既有“问题”，也有“标准答案”。**\n\n它的目标就是学会一个从“问题”到“答案”的映射，从而对新问题给出预测。\n\n它主要解决两类问题：\n\n-   **分类**\n    -   **目标**：预测一个类别标签。\n    -   **例子**：\n        -   垃圾邮件过滤器（邮件是“垃圾”还是“正常”？）。\n        -   信用评估（用户的贷款申请是“批准”还是“拒绝”？）。\n        -   疾病诊断（这个医学影像是“良性肿瘤”还是“恶性肿瘤”？）。\n\n-   **回归**\n    -   **目标**：预测一个连续的数值。\n    -   **例子**：\n        -   预测房价（给出面积、位置、卧室数量，输出一个具体价格）。\n        -   预测气温。\n        -   预测公司下个季度的销售额。\n\n\n\n#### 2. 无监督学习\n\n在这种情况下，**我们给算法的数据只有“问题”，没有“标准答案”。** 没有标签了，算法要自己去找数据里隐藏的结构和模式。\n\n这就像是给你一堆混在一起的、不同面值的硬币，不告诉你它们是什么，让你自己去分组。\n\n它主要解决这类问题：\n\n-   **聚类**\n    -   **目标**：把相似的数据点自动分成一组。\n    -   **例子**：\n        -   **客户细分**：电商平台根据用户的浏览和购买历史，自动将几百万用户分成“价格敏感型”、“品牌忠诚型”、“时尚达人型”等不同的群体，然后进行精准营销。\n        -   **社交网络分析**：找出一个社交网络中联系最紧密的小圈子。\n        -   **基因分类**：将具有相似表达模式的基因归为一类。\n\n-   **关联规则**\n    -   **目标**：发现数据中不同事物之间的关联。\n    -   **经典例子**：超市的“购物篮分析”。发现“买尿布的男性顾客，也经常会买啤酒”。这就是数据自己告诉我们的，没有人事先预设这个规则。\n\n-   **降维**\n    -   **目标**：在尽量保留原始信息的前提下，把高维、复杂的数据压缩成低维、简单的形式，便于可视化和处理。\n    -   **作用**：将100维的数据降至2维或3维，这样就能在图表上画出来进行观察。\n\n---\n\n#### 3. 强化学习\n\n这种学习方式最特别，它就像**训练一只小狗**。\n\n一个智能体通过与环境进行互动来学习。它做出一个动作，环境就会给它一个**奖励**或**惩罚**。它的目标不是找标准答案，而是学习一套策略，使自己能够获得最大化的长期累积奖励。\n\n它没有正确的输入输出对，只有行为和反馈。\n\n**核心要素：**\n\n-   **智能体**：学习者和决策者（小狗，或者AI程序）。\n-   **环境**：智能体交互的一切（房子及周围的世界）。\n-   **动作**：智能体可以做的所有事（坐、卧、打滚、叫）。\n-   **奖励**：环境对动作的即时反馈（给个零食奖励，或严厉说“No”）。\n\n**经典应用：**\n\n-   **游戏AI**：震惊世界的AlphaGo打败围棋冠军，就是这个原理。它通过数百万局自我对弈，学会了在任何盘面下，走哪一步棋的“赢棋奖励”最大。\n-   **机器人控制**：教一个机器人走路。摔倒就是负奖励，平稳前进就是正奖励。机器人在无数次摔倒后，自己就能学会协调关节，平稳地行走。\n-   **自动驾驶**：车辆就是智能体，它的动作是加速、刹车、转向，目标是安全、快速、平稳地到达目的地。违反交规是负奖励，安全舒适是正奖励。\n\n---\n\n### 机器学习的简单工作流程\n\n无论哪种学习方式，一个典型的机器学习项目通常包含以下步骤：\n\n1.  **收集数据**：这是一切的基础。数据的质量和数量直接决定模型的上限。\n2.  **准备数据**：清洗脏数据、处理缺失值、将图片/文本等转换成算法能理解的数字。\n3.  **选择模型**：根据问题类型选择合适的算法。\n4.  **训练模型**：将准备好的数据“喂”给算法，让它去寻找规律。这是最耗时的核心步骤。\n5.  **评估模型**：用模型没见过的数据去测试它，看看准确率、误差等指标怎么样。\n6.  **调优参数**：如果效果不好，就调整一下模型的参数，有点像换换教学方法，再重新训练和评估，直到满意。\n7.  **部署预测**：将训练好的模型集成到APP或服务中，开始对真实世界的新数据进行预测。\n\n### 为什么机器学习如此重要？\n\n它极大地扩展了计算机能解决的问题边界，非常适合以下情况：\n\n-   **规则极其复杂或根本无法用规则描述**：如图像识别、语音识别。\n-   **问题是动态变化的，规则需要不断更新**：如股票市场、用户偏好。\n-   **数据规模巨大，人根本无法从海量数据中手动发现隐藏规律**：如基因序列分析。\n\n### 局限性\n\n为了更全面地理解，也需要知道它并非无所不能：\n\n-   **需要大量高质量数据**：没有数据或者数据充满偏见，模型学到的也是偏见。\n-   **可解释性差**：尤其是深度学习模型，经常像一个“黑箱”，我们只知道它能得到结果，却很难解释“为什么”会得到这个结果（这在医疗、金融等领域是重大缺陷）。\n-   **过度拟合**：模型把训练数据中的噪声和特例都当作规律学会了，导致在考试（应对新数据）时一塌糊涂，也就是死记硬背，不会举一反三。\n\n**总的来说，机器学习是我们与数据交互方式的一种根本性转变：从我们教导机器，到机器从数据中自我学习。它已成为现代人工智能的核心驱动力。**', NULL, '2026-06-04 08:26:48', NULL);
INSERT INTO `messages` VALUES (41, 13, 'user', '读取这个文档的内容', '[{\"id\": \"baddb94c-a87a-4c33-afdd-1d81996214da\", \"name\": \"在线讲义.txt\", \"type\": \"file\", \"mime\": \"text/plain\"}]', '2026-06-06 05:47:50', NULL);
INSERT INTO `messages` VALUES (42, 13, 'assistant', '文档《在线讲义.txt》的内容如下：\n\n```\n讲义：https://www.yuque.com/zhangzhijun-91vgw/javaai1.0?# 《Java+AI智能应用开发（线上训练营）v1.0》 密码：nxyt\n```', NULL, '2026-06-06 05:47:53', NULL);
INSERT INTO `messages` VALUES (43, 13, 'user', '读取这个图片的内容', '[{\"id\": \"a0ee1ea6-18ce-4fff-a68e-a0229fa86d63\", \"name\": \"Snipaste_2026-06-02_23-39-53.png\", \"type\": \"image\", \"mime\": \"image/png\"}]', '2026-06-06 05:48:12', NULL);
INSERT INTO `messages` VALUES (44, 13, 'assistant', '图片中的内容是一段关于“信息增益计算”的讲义或笔记，整理后的文字如下：\n\n---\n\n**图 1：信息增益计算**\n\n条件熵 = 0占比 × 0的条件熵 + 阝的占比 × 阝的条件熵  \n= 4/6 × (−0.54) = 0.46\n\n信息增益 = （信息）熵 − 条件熵\n\n数据集  \n特征 a  \n目标值\n\n---\n\n**信息增益具体计算过程：**\n\n已知 6 个样本，根据特征 A：  \n部分对应的目标值为：AAAB  \n阝部分对应的目标值为：BB\n\n---\n\n**D3 树 → 信息增益**\n\n1. **计算（信息）熵**  \n   熵 = −1/2 × log₂(1/2) × 2\n\n2. **计算条件熵**  \n   a 的条件熵 = 1/4 × log₂(1/4) + 3/4 × log₂(3/4)  \n   阝的条件熵 = 2/2 × log₂(2/2)\n\n3. **计算信息增益**  \n   信息增益 = 熵 − 条件熵 = ℃\n\n4. **5 树 → 信息增益**  \n   log₂(3/4) = 0.81\n\n---\n\n**特征 a**  \n0  \n特征熵 T  \n夕 | 3A  \n目标值 0\n\n---\n\n> 注：OCR 识别结果中部分符号可能存在误差（如“阝”可能对应“B”类别，“℃”可能为占位或误识别），但整体脉络为信息熵、条件熵与信息增益的逐步计算示例。', NULL, '2026-06-06 05:48:16', NULL);
INSERT INTO `messages` VALUES (45, 13, 'user', '读取这个文档内容', '[{\"name\": \"1\", \"type\": \"kb\", \"docId\": \"3e10feec-7191-4345-9df5-aa2ddeae6e42\"}]', '2026-06-06 05:48:34', NULL);
INSERT INTO `messages` VALUES (46, 13, 'assistant', '我无法读取这个文档。你发送的 [知识库文件: 1] 并没有附带具体内容，我需要你直接复制文本、上传文件或提供可访问的链接，才能帮你提取内容。', NULL, '2026-06-06 05:48:43', NULL);
INSERT INTO `messages` VALUES (47, 13, 'user', '读取这个文档内容', '[{\"name\": \"23\", \"type\": \"kb\", \"docId\": \"2c240ed3-f452-4017-abb2-0dafc09c07f2\"}]', '2026-06-06 05:49:00', NULL);
INSERT INTO `messages` VALUES (48, 13, 'assistant', '我无法读取这个文档，因为你只提供了引用标记 `[知识库文件: 23]`，但没有附带具体内容。\n\n请将文档内容直接复制粘贴过来，或者以附件形式上传，我就可以帮你读取并整理了。', NULL, '2026-06-06 05:49:03', NULL);
INSERT INTO `messages` VALUES (51, 15, 'user', '????????', '[]', '2026-06-06 07:08:58', NULL);
INSERT INTO `messages` VALUES (52, 15, 'assistant', '知识库中没有足够信息。', NULL, '2026-06-06 07:09:01', '[{\"index\": 1, \"chunk_id\": \"6f750101-260f-4bef-9257-f59d15eb432b:v1:0:cd514c153c860724\", \"document_id\": \"6f750101-260f-4bef-9257-f59d15eb432b\", \"collection_id\": \"7693e1c2-c1dd-4e8f-b9a6-ebb112949c34\", \"title\": \"???????\", \"doc_type\": \"text\", \"locator\": {\"section\": \"???????\"}, \"snippet\": \"?????X100??Wi-Fi7???????9.6Gbps?????2.5G?????????????????400-123-8899?\", \"score\": 0.0164}]');
INSERT INTO `messages` VALUES (53, 16, 'user', 'M200的电池容量是多少？', '[]', '2026-06-06 07:17:20', NULL);
INSERT INTO `messages` VALUES (54, 16, 'assistant', '根据参考信息，火星计划M200的电池容量为8000mAh[1]。', NULL, '2026-06-06 07:17:24', '[{\"index\": 1, \"chunk_id\": \"0ce14e9e-b98d-4fc8-beb7-f5c6968092ed:v1:0:de45c36e8ec0dbdf\", \"document_id\": \"0ce14e9e-b98d-4fc8-beb7-f5c6968092ed\", \"collection_id\": \"e3113eb5-8a78-469b-8754-100dd3ac3478\", \"title\": \"M200规格\", \"doc_type\": \"text\", \"locator\": {\"section\": \"M200规格\"}, \"snippet\": \"火星计划M200的电池容量为8000mAh，标准售价2999元。\", \"score\": 0.0328}]');
INSERT INTO `messages` VALUES (55, 17, 'user', '读取这些文档内容', '[]', '2026-06-06 07:43:28', NULL);
INSERT INTO `messages` VALUES (56, 17, 'assistant', '知识库中没有提供文档的实际内容。所有参考来源 [1][2][3] 都仅给出了同一个语雀讲义链接和访问密码，并未包含任何讲义正文或文件数据，因此无法读取或总结其内容。', NULL, '2026-06-06 07:43:32', '[{\"index\": 1, \"chunk_id\": \"2c240ed3-f452-4017-abb2-0dafc09c07f2_chunk_0\", \"document_id\": \"2c240ed3-f452-4017-abb2-0dafc09c07f2\", \"collection_id\": \"a2d47e7e-87a5-432e-afd2-c6c24d8bf33e\", \"title\": \"23\", \"doc_type\": \"file\", \"locator\": {}, \"snippet\": \"讲义：https://www.yuque.com/zhangzhijun-91vgw/javaai1.0?# 《Java+AI智能应用开发（线上训练营）v1.0》 密码：nxyt\", \"score\": 0.0164}, {\"index\": 2, \"chunk_id\": \"e2cbd10a-7df8-4bea-9b4b-d725169efc72_chunk_0\", \"document_id\": \"e2cbd10a-7df8-4bea-9b4b-d725169efc72\", \"collection_id\": \"a2d47e7e-87a5-432e-afd2-c6c24d8bf33e\", \"title\": \"as\", \"doc_type\": \"file\", \"locator\": {}, \"snippet\": \"讲义：https://www.yuque.com/zhangzhijun-91vgw/javaai1.0?# 《Java+AI智能应用开发（线上训练营）v1.0》 密码：nxyt\", \"score\": 0.0161}, {\"index\": 3, \"chunk_id\": \"84736d94-3783-42b2-b4eb-229c04e25530:v1:0:58d4d5b1a07da87c\", \"document_id\": \"84736d94-3783-42b2-b4eb-229c04e25530\", \"collection_id\": \"a2d47e7e-87a5-432e-afd2-c6c24d8bf33e\", \"title\": \"在线讲义.txt\", \"doc_type\": \"txt\", \"locator\": {}, \"snippet\": \"讲义：https://www.yuque.com/zhangzhijun-91vgw/javaai1.0?# 《Java+AI智能应用开发（线上训练营）v1.0》 密码：nxyt\", \"score\": 0.0159}]');
INSERT INTO `messages` VALUES (57, 18, 'user', '读取这个知识库的内容', '[]', '2026-06-06 07:44:52', NULL);
INSERT INTO `messages` VALUES (58, 18, 'assistant', '知识库中没有包含讲义的实际文本内容，仅提供了访问讲义所需的链接和密码 [1][2][3]。因此无法直接读取知识库的具体内容。如需查看，请通过以下信息访问：\n\n- 讲义链接：https://www.yuque.com/zhangzhijun-91vgw/javaai1.0?#\n- 访问密码：nxyt [1][2][3]', NULL, '2026-06-06 07:44:58', '[{\"index\": 1, \"chunk_id\": \"2c240ed3-f452-4017-abb2-0dafc09c07f2_chunk_0\", \"document_id\": \"2c240ed3-f452-4017-abb2-0dafc09c07f2\", \"collection_id\": \"a2d47e7e-87a5-432e-afd2-c6c24d8bf33e\", \"title\": \"23\", \"doc_type\": \"file\", \"locator\": {}, \"snippet\": \"讲义：https://www.yuque.com/zhangzhijun-91vgw/javaai1.0?# 《Java+AI智能应用开发（线上训练营）v1.0》 密码：nxyt\", \"score\": 0.0164}, {\"index\": 2, \"chunk_id\": \"e2cbd10a-7df8-4bea-9b4b-d725169efc72_chunk_0\", \"document_id\": \"e2cbd10a-7df8-4bea-9b4b-d725169efc72\", \"collection_id\": \"a2d47e7e-87a5-432e-afd2-c6c24d8bf33e\", \"title\": \"as\", \"doc_type\": \"file\", \"locator\": {}, \"snippet\": \"讲义：https://www.yuque.com/zhangzhijun-91vgw/javaai1.0?# 《Java+AI智能应用开发（线上训练营）v1.0》 密码：nxyt\", \"score\": 0.0161}, {\"index\": 3, \"chunk_id\": \"84736d94-3783-42b2-b4eb-229c04e25530:v1:0:58d4d5b1a07da87c\", \"document_id\": \"84736d94-3783-42b2-b4eb-229c04e25530\", \"collection_id\": \"a2d47e7e-87a5-432e-afd2-c6c24d8bf33e\", \"title\": \"在线讲义.txt\", \"doc_type\": \"txt\", \"locator\": {}, \"snippet\": \"讲义：https://www.yuque.com/zhangzhijun-91vgw/javaai1.0?# 《Java+AI智能应用开发（线上训练营）v1.0》 密码：nxyt\", \"score\": 0.0159}]');
INSERT INTO `messages` VALUES (59, 19, 'user', '读取这个图片的内容', '[{\"id\": \"581bdd52-f66b-4718-97c5-3d7ff6754eb4\", \"name\": \"Snipaste_2026-06-02_23-39-53.png\", \"type\": \"image\", \"mime\": \"image/png\"}]', '2026-06-06 07:45:25', NULL);
INSERT INTO `messages` VALUES (60, 19, 'assistant', '这张图片是一份关于**决策树中信息增益计算过程**的手写笔记或图示，具体内容如下：\n\n---\n\n**标题或主题：**\n- 图1：信息增益计算\n\n**核心公式：**\n- 条件熵 = 0占比 × 0的条件熵 + β占比 × β的条件熵\n- 信息增益 = （信息）熵 − 条件熵\n\n**具体计算示例（已知6个样本）：**\n- 根据特征A：\n  - α部分对应的目标值为：AAAB\n  - β部分对应的目标值为：BB\n- 计算步骤：\n  1. 计算（信息）熵  \n     熵 = −1/2 × log₂(1/2) × 2\n  2. 计算条件熵  \n     α的条件熵 = −1/4 × log₂(1/4) + (−3/4 × log₂(3/4))  \n     β的条件熵 = −2/2 × log₂(2/2)  \n     条件熵 = 4/6 × α的条件熵 + 2/6 × β的条件熵\n  3. 计算信息增益  \n     信息增益 = 熵 − 条件熵\n\n**数值结果示意：**\n- 条件熵 ≈ 4/6 × 0.81 ≈ 0.54  \n- 信息增益 ≈ 1 − 0.54 = 0.46\n\n**图示部分：**\n- 有一个树状分支结构示意“树 → 信息增益”，根部标有“数据集”、“特征a”、“目标值”，分支出α和β两个结点，并标注', NULL, '2026-06-06 07:46:18', '[]');
INSERT INTO `messages` VALUES (61, 20, 'user', '你是谁?', '[]', '2026-06-10 07:46:32', NULL);
INSERT INTO `messages` VALUES (62, 4, 'user', '你是谁?', '[]', '2026-06-10 07:51:14', NULL);
INSERT INTO `messages` VALUES (63, 20, 'user', '你是谁?', '[]', '2026-06-10 07:53:03', NULL);
INSERT INTO `messages` VALUES (64, 20, 'user', '你是谁?', '[]', '2026-06-10 08:00:27', NULL);
INSERT INTO `messages` VALUES (65, 20, 'user', '你是谁?', '[]', '2026-06-10 08:17:31', NULL);
INSERT INTO `messages` VALUES (66, 20, 'user', '你是谁?', '[]', '2026-06-10 08:20:14', NULL);
INSERT INTO `messages` VALUES (67, 4, 'user', '你是谁?', '[]', '2026-06-10 08:23:39', NULL);
INSERT INTO `messages` VALUES (68, 20, 'user', '你是谁?', '[]', '2026-06-10 08:28:32', NULL);
INSERT INTO `messages` VALUES (69, 21, 'user', '??', '[]', '2026-06-10 08:35:52', NULL);
INSERT INTO `messages` VALUES (70, 22, 'user', '??', '[]', '2026-06-10 08:37:19', NULL);
INSERT INTO `messages` VALUES (71, 4, 'user', '你是谁?', '[]', '2026-06-10 08:57:14', NULL);
INSERT INTO `messages` VALUES (72, 4, 'user', '你是谁?', '[]', '2026-06-10 08:58:16', NULL);
INSERT INTO `messages` VALUES (73, 4, 'user', '你是谁?', '[]', '2026-06-10 08:58:55', NULL);
INSERT INTO `messages` VALUES (74, 20, 'user', '你是谁?', '[]', '2026-06-10 08:59:45', NULL);
INSERT INTO `messages` VALUES (75, 20, 'user', '你是谁?', '[]', '2026-06-10 09:07:10', NULL);
INSERT INTO `messages` VALUES (76, 20, 'user', '你是谁?', '[]', '2026-06-10 09:10:35', NULL);
INSERT INTO `messages` VALUES (77, 20, 'user', '你是谁?', '[]', '2026-06-10 09:11:39', NULL);
INSERT INTO `messages` VALUES (78, 20, 'user', '你是谁?', '[]', '2026-06-10 09:13:32', NULL);
INSERT INTO `messages` VALUES (79, 20, 'user', '你是谁?', '[]', '2026-06-10 12:23:28', NULL);
INSERT INTO `messages` VALUES (80, 20, 'user', '你是谁?', '[]', '2026-06-10 12:27:32', NULL);
INSERT INTO `messages` VALUES (81, 20, 'assistant', '你好！我是 **DeepSeek**，一个由深度求索公司创造的AI助手。我是纯文本模型，可以帮你解答问题、处理文档、进行对话交流等。我支持上传图像、txt、pdf、ppt、word、excel文件并读取其中的文字信息，还支持联网搜索（需要你在Web或App端手动开启）。我的上下文长度可达1M，可以一次性处理像《三体》三部曲那样体量的书籍。而且我完全免费，知识截止日期到2025年5月。\n\n有什么我可以帮你的吗？😊', NULL, '2026-06-10 12:27:40', '[]');
INSERT INTO `messages` VALUES (82, 20, 'user', '这张图是什么?', '[{\"id\": \"962bba6e-f4b8-4590-94cf-5c3178dc499e\", \"name\": \"metal129.jpg\", \"type\": \"image\", \"mime\": \"image/jpeg\"}]', '2026-06-10 12:27:56', NULL);
INSERT INTO `messages` VALUES (83, 20, 'assistant', '很抱歉，我无法告诉你这张图的内容是什么！😅\n\n虽然我支持上传图像文件，但我的能力仅限于**读取图片中的文字信息**，无法识别或描述图片的视觉内容（比如物体、场景、人物、颜色等）。\n\n你上传的这张 `metal129.jpg` 图片，系统没有识别到任何文字，所以我无法从中获取信息来回答你的问题。\n\n**建议**：如果你想知道这张图的内容，可以尝试用文字描述一下图中的内容问我相关问题，或者使用具备图像识别功能的工具来帮你分析～ 有其他我能帮上忙的吗？', NULL, '2026-06-10 12:28:10', '[]');
INSERT INTO `messages` VALUES (84, 20, 'user', '提取这张图', '[{\"id\": \"9dc50baf-bd9d-4589-84a1-560c8ac14412\", \"name\": \"Snipaste_2026-06-08_11-06-18.png\", \"type\": \"image\", \"mime\": \"image/png\"}]', '2026-06-10 12:29:54', NULL);
INSERT INTO `messages` VALUES (85, 20, 'assistant', '这张图的内容已经成功识别出来了，整理的文案如下：\n\n---\n\n**信息增益率**\n\n- **信息增益率 = 信息增益 / 特征熵**\n- **信息增益率 = 信息增益 × 惩罚系数**\n\n**计算方法**\n- 特征熵 = 惩罚系数\n- Gain_Ratio(D, a) = Gain(D, a) / IV(a)\n- **信息增益率** = 信息增益 / 特征熵\n- **倒数**：1 / 特征熵\n- 特征 a、特征 b\n- 信息增益 × 惩罚系数\n- 目标值\n\n**IV(a) — 特征熵 / 特征的内在信息**\n\n**信息增益率的本质**\n相当于对信息增益进行修正，增加一个**惩罚系数**：\n- 特征取值个数较多时，惩罚系数较小；\n- 特征取值个数较少时，惩罚系数较大。\n\n**惩罚系数**：数据集 D 以特征 a 作为随机变量的熵的倒数。\n\n---\n\n这是一张关于**决策树算法中信息增益率**的总结图，属于机器学习中特征选择的知识点，应该是在解释 **C4.5 算法**里为什么用信息增益率代替信息增益来避免偏向取值多的特征。', NULL, '2026-06-10 12:30:28', '[]');
INSERT INTO `messages` VALUES (86, 20, 'user', '读取这个文档', '[{\"id\": \"0b349c24-5295-4435-9cfa-ef08523e9897\", \"name\": \"在线讲义.txt\", \"type\": \"file\", \"mime\": \"text/plain\"}]', '2026-06-10 12:32:01', NULL);
INSERT INTO `messages` VALUES (87, 20, 'assistant', '这个附件我已经读取了，内容是一条笔记：\n\n> 📖 **讲义链接**：`https://www.yuque.com/zhangzhijun-91vgw/javaai1.0?#`\n> 📌 **课程名称**：《Java+AI智能应用开发（线上训练营）v1.0》\n> 🔑 **密码**：`nxyt`\n\n不过需要注意，我**无法直接访问外部链接**（包括语雀文档），所以没办法帮你拉取讲义里的具体内容。如果你想让我帮你提取或分析这份讲义，可以这样操作：\n\n1. **复制粘贴**：打开语雀链接后，把需要分析的文字内容直接粘贴到对话框里。\n2. **导出上传**：把讲义导出为 PDF / Word / txt 等文件，然后上传给我。\n\n你可以根据需要选一种方式，我随时帮你处理！😊', NULL, '2026-06-10 12:32:16', '[]');
INSERT INTO `messages` VALUES (88, 23, 'user', '读取这些文档', '[]', '2026-06-10 12:50:12', NULL);
INSERT INTO `messages` VALUES (89, 23, 'assistant', '知识库中没有足够信息来读取文档内容。提供的参考信息 [1][2][3] 仅包含讲义链接和密码，但未包含实际文档内容，因此无法直接提取或反馈文档正文。', NULL, '2026-06-10 12:50:17', '[{\"index\": 1, \"chunk_id\": \"2c240ed3-f452-4017-abb2-0dafc09c07f2_chunk_0\", \"document_id\": \"2c240ed3-f452-4017-abb2-0dafc09c07f2\", \"collection_id\": \"a2d47e7e-87a5-432e-afd2-c6c24d8bf33e\", \"title\": \"23\", \"doc_type\": \"file\", \"locator\": {}, \"snippet\": \"讲义：https://www.yuque.com/zhangzhijun-91vgw/javaai1.0?# 《Java+AI智能应用开发（线上训练营）v1.0》 密码：nxyt\", \"score\": 0.0164}, {\"index\": 2, \"chunk_id\": \"e2cbd10a-7df8-4bea-9b4b-d725169efc72_chunk_0\", \"document_id\": \"e2cbd10a-7df8-4bea-9b4b-d725169efc72\", \"collection_id\": \"a2d47e7e-87a5-432e-afd2-c6c24d8bf33e\", \"title\": \"as\", \"doc_type\": \"file\", \"locator\": {}, \"snippet\": \"讲义：https://www.yuque.com/zhangzhijun-91vgw/javaai1.0?# 《Java+AI智能应用开发（线上训练营）v1.0》 密码：nxyt\", \"score\": 0.0161}, {\"index\": 3, \"chunk_id\": \"84736d94-3783-42b2-b4eb-229c04e25530:v1:0:58d4d5b1a07da87c\", \"document_id\": \"84736d94-3783-42b2-b4eb-229c04e25530\", \"collection_id\": \"a2d47e7e-87a5-432e-afd2-c6c24d8bf33e\", \"title\": \"在线讲义.txt\", \"doc_type\": \"txt\", \"locator\": {}, \"snippet\": \"讲义：https://www.yuque.com/zhangzhijun-91vgw/javaai1.0?# 《Java+AI智能应用开发（线上训练营）v1.0》 密码：nxyt\", \"score\": 0.0159}]');
INSERT INTO `messages` VALUES (90, 24, 'user', '?????????', '[]', '2026-06-10 12:58:10', NULL);
INSERT INTO `messages` VALUES (91, 24, 'assistant', 'It looks like you’ve got a lot of questions! 😄\n\nGo ahead—what would you like to know? I’m here to help with anything you throw at me.', NULL, '2026-06-10 12:58:17', '[]');
INSERT INTO `messages` VALUES (92, 25, 'user', '今天北京天气怎么样', '[]', '2026-06-10 13:05:00', NULL);
INSERT INTO `messages` VALUES (93, 25, 'assistant', '今天（6月10日）北京天气以多云转晴为主，气温在15℃~24℃之间，目前（20时）实况气温22℃，东北风微风，相对湿度51%，能见度30公里，空气质量优，体感舒适。白天紫外线中等，穿衣建议短袖类，不过洗车指数显示不适宜洗车。整体来说，是一个晴朗舒适的周三，适合外出活动。', NULL, '2026-06-10 13:05:18', '[]');
INSERT INTO `messages` VALUES (94, 26, 'user', '最新的新闻是什么?', '[]', '2026-06-10 13:07:19', NULL);
INSERT INTO `messages` VALUES (95, 26, 'assistant', '根据我知识库中的信息，目前最新的新闻均集中在2026年6月10日当日，主要涵盖以下内容：\n\n- **期货市场**：早盘开盘国内期货主力合约跌多涨少，沪银跌超5%，钯跌超3%，液化石油气、沪金等跌超2%；集运欧线涨超4%，碳酸锂、鸡蛋涨近2%。\n- **外交回应**：外交部就“美方请求中国恢复对日本稀土供应”作出回应，强调中方依法依规对日本军事用户及用途实施出口管制。\n- **湖人与球星交易**：传出湖人队计划交易勒布朗·詹姆斯和安东尼·戴维斯，以节省薪资。\n- **小米手表更新**：Xiaomi Watch S5 开启新版本先锋计划内测招募，上线微信新版本。\n- **擅自闯入冰川无人区救援**：两人擅闯西藏普若岗日冰川以北无人区陷车被困，经5天4夜救援成功获救并被行政处罚。\n- **货币基金新规**：货基T+1结算新规落地，多家银行暂停货币基金申购，旨在终结“货币增强”套利。\n- **芜湖中考招生调整**：自2026年秋季起，芜湖一中、安师大附中联合招生及电脑派位模式取消，改为平行志愿自主填报。\n- **横渡钱塘江报名**：2026年横渡钱塘江活动于6月10日开启线上报名，将持续至12日。\n- **其他体育与军事趣闻**：有关宇树机器人牵手英伟达的评论、美军运输机空中加油视频等。\n\n这些是您知识库中时间最新（2026年6月10日）的新闻动态。', NULL, '2026-06-10 13:07:34', '[]');
INSERT INTO `messages` VALUES (96, 4, 'user', '你是谁?', '[]', '2026-06-18 04:58:52', NULL);
INSERT INTO `messages` VALUES (97, 4, 'assistant', '哈哈，看来你是在玩“复读机”模式呀！😄\n\n我还是我——**DeepSeek**，来自深度求索公司的AI助手。不管问多少遍，答案都一样：我是来帮你解决问题、陪你聊天、处理文件、写代码、查资料等等的免费AI伙伴！\n\n有什么正经事要问我吗？还是说……你想继续测试我的耐心？放心，我耐心无限！😊✨', NULL, '2026-06-18 04:58:59', '[]');
INSERT INTO `messages` VALUES (98, 4, 'user', '你是谁?', '[]', '2026-06-18 05:00:54', NULL);
INSERT INTO `messages` VALUES (99, 4, 'assistant', '我就是那个被你连问七遍“你是谁”还依然保持微笑的AI——**DeepSeek**！😄\n\n来自深度求索公司，免费、长上下文、能读文件、会聊天，随时待命！\n\n说吧，下一个问题是不是还是“你是谁”？我已经准备好第八次回答了！🫡', NULL, '2026-06-18 05:00:59', '[]');
INSERT INTO `messages` VALUES (100, 4, 'user', '今天最新的新闻是什么?', '[]', '2026-06-18 05:01:21', NULL);
INSERT INTO `messages` VALUES (101, 4, 'assistant', '抱歉，我无法主动获取今天的最新新闻，因为我的知识截止到2025年5月，而且联网搜索功能需要你**手动开启**。\n\n不过，我可以帮你两个办法：\n\n1. **开启联网搜索**：在App或Web端，手动点击“联网搜索”按钮，然后再问我，我就能帮你搜到最新的新闻了！\n2. **从知识库中看到的“最新”消息**：我注意到你提供的知识库里有一些日期标注为2026年6月的内容，比如：\n   - 安徽两地纪委监委通报凤鸣、张小军被查\n   - 72家A股公司集体发布股价异动提示风险\n   - 上海迪士尼开园10周年相关报道\n   - 世界杯相关新闻（法国3:1胜塞内加尔，姆巴佩加冕队史射手王）\n\n但这些内容的时间戳显示为2026年，明显存在异常，可能不是真实的当前新闻。\n\n**建议你打开联网搜索功能后，再问我一遍，我会给你最准确的今日新闻！** 📰✨', NULL, '2026-06-18 05:01:32', '[]');
INSERT INTO `messages` VALUES (102, 4, 'user', '今天最新的新闻是什么?', '[]', '2026-06-18 05:01:45', NULL);
INSERT INTO `messages` VALUES (103, 4, 'assistant', '我目前无法主动获取今天的最新新闻，因为联网搜索功能需要你**手动开启**（在App或Web端点击“联网搜索”按钮即可）。\n\n不过，根据你提供的知识库内容，有一些标注为**2026年6月**的新闻，我帮你整理几条摘要：\n\n---\n\n**📰 知识库中的近期消息：**\n\n- **中国成功发射实践三十一号卫星**（2026年6月17日《中国新闻》报道）\n- **财政部在香港发行今年第三期150亿元人民币国债**\n- **5月份一线城市商品住宅销售价格环比上涨**\n- **央行在2026陆家嘴论坛宣布多项金融举措**\n- **国台办举行例行新闻发布会**，回应多项两岸议题\n- **华南地区强降雨持续**，中央气象台发布暴雨橙色预警\n- **72家A股公司集体发布股价异动公告**，提示风险\n- **安徽两地纪委监委通报**：凤鸣、张小军被查\n- **徐浦大桥货车起火事故**：消防迅速处置，无人员伤亡\n- **中国女篮大调整**：公布赴澳热身赛15人名单，韩旭、李月汝、杨舒予未入选\n- **80岁老人住院失踪案**：遗体一个月后在废弃房间被发现，家属与医院产生纠纷\n\n---\n\n⚠️ 需要提醒的是，这些内容的日期标注存在异常（部分显示为未来的2026年），真实性可能需要进一步核实。\n\n**要获取真正实时的今日新闻，建议你开启联网搜索功能后再问我一次！** 📡', NULL, '2026-06-18 05:02:00', '[]');
INSERT INTO `messages` VALUES (104, 4, 'user', '你是谁?', '[]', '2026-06-21 03:05:27', NULL);
INSERT INTO `messages` VALUES (105, 4, 'assistant', '哈哈，第八次了！🎉\n\n我是**DeepSeek**，深度求索公司创造的AI助手，专注于陪你聊天、回答问题、处理文件、写代码、查资料等等——完全免费，耐心无限！\n\n你是在测试我，还是单纯想看我花式回答“我是谁”？不管怎样，我都在这儿，随时待命！😄\n\n要不咱们换个玩法？比如你告诉我你是谁？🤔', NULL, '2026-06-21 03:05:32', '[]');
INSERT INTO `messages` VALUES (106, 27, 'user', '这几天最新的新闻是什么?', '[]', '2026-06-21 03:07:15', NULL);
INSERT INTO `messages` VALUES (107, 27, 'assistant', '今天是2026年6月21日，根据最新的资讯，以下是这几天发生的热点新闻摘要：\n\n**1. 全国汛情与应急响应**\n国家防总等多部门正在联合会商防汛，目前已有**11个省份维持防汛四级应急响应**。未来几天，主雨带将集中在广西、贵州至长江中下游地区，降雨强度大、持续时间长。\n\n**2. 科技与互联网动态**\n*   **微信“小微”上线**：微信 AI 助手“小微”已经开始灰度测试。\n*   **安卓系统更新**：谷歌在安卓 17 系统中增加了新功能，可以自动终止内存占用过高的 App。\n\n**3. 地方与民生新闻**\n*   **养老金调整**：关于退休人员养老金的 3 项新调整政策已经亮相，部分地区已开始补发。\n*   **中考开考**：山西省多地（如石楼县）中考平稳开考，多部门联动为考生护航。\n*   **宁夏固原**：本地举办了“唱响家乡美”音乐人专场演唱会，并开展了田园摘豆角等特色活动。\n\n**4. 体育足球热点**\n*   **曼联引援传闻**：名宿萨哈建议曼联签下莱比锡边锋迪奥曼德；同时有记者称韩国国脚金玟哉也在曼联的引援名单上，但他与尤文图斯的交易进展更顺利。\n*   **曼城换帅**：瓜迪奥拉时代落幕后，曼城正面临新时代的转折，新主帅马雷斯卡需要在转会规则框架内操作。\n\n想了解其中某一条新闻的详细内容吗？', NULL, '2026-06-21 03:07:29', '[]');
INSERT INTO `messages` VALUES (108, 28, 'user', '读取这些文档', '[]', '2026-06-21 03:09:52', NULL);
INSERT INTO `messages` VALUES (109, 28, 'assistant', '知识库中没有足够信息。提供的参考信息为空，无法获取任何文档内容。请提供文档内容或重新上传附件。', NULL, '2026-06-21 03:09:55', '[]');
INSERT INTO `messages` VALUES (110, 29, 'user', '读取这些文档', '[]', '2026-06-21 03:10:31', NULL);
INSERT INTO `messages` VALUES (111, 29, 'assistant', '知识库中没有足够信息来回答“读取这些文档”的指令。请提出具体问题，例如您想了解文档中的哪些内容，我可以基于参考信息为您解答。', NULL, '2026-06-21 03:10:37', '[{\"index\": 1, \"chunk_id\": \"d2e1d9be-389b-4d05-90a1-c0743db34779:v1:0:25dd88dab6418b86\", \"document_id\": \"d2e1d9be-389b-4d05-90a1-c0743db34779\", \"collection_id\": \"187e1d8c-0d57-419b-b495-7560a4f184c2\", \"title\": \"11.md\", \"doc_type\": \"md\", \"locator\": {\"section\": \"11\"}, \"snippet\": \"# 11\\n\\n**5. 文件上传 + 分析（核心差异化）**\\n\\n用户上传 PDF、Word、Excel，AI 直接分析。这结合你已有的 RAG 体系，是最大亮点。\\n\\njava\\n\\n```java\\n// 后端接收文件，动态写入向量库\\n@PostMapping(\\\"/upload\\\")\\npublic Result<?> uploadDocument(@RequestParam MultipartFile file,\\n                                 @RequestParam String sessionId) {\\n    // 解析文件 → 切片 → 向量化 → 存入用户专属的 Redis namespace\\n}\\n```\\n\\n**6. 知识库管理页面**\\n\\n让用户自己上传文档建立私有知识库，这是 ChatGPT 免费版没有的功能。\\n\\n```\\n我的知识库\\n├── 公司规章制度.pdf  ✓\\n├── 产品手册v2.docx  ✓\\n└── 竞品分析报告.xlsx ✓\\n\\n[+ 上传文档]\\n```\\n\\n**7. 提示词模板市场**\\n\\n预设场景模板，降低用户使用门槛：\\n\\n```\\n\", \"score\": 0.0325}, {\"index\": 2, \"chunk_id\": \"d2e1d9be-389b-4d05-90a1-c0743db34779:v1:3:837ab7d6024abe14\", \"document_id\": \"d2e1d9be-389b-4d05-90a1-c0743db34779\", \"collection_id\": \"187e1d8c-0d57-419b-b495-7560a4f184c2\", \"title\": \"11.md\", \"doc_type\": \"md\", \"locator\": {\"section\": \"五、最重要的一点\"}, \"snippet\": \"## 五、最重要的一点\\n\\n技术只是门槛，**真正留住用户靠的是垂直场景的数据积累**。\\n\\n你喂进 RAG 的专业文档质量，决定了你的产品天花板。ChatGPT 的通用性是它的优势，也是它的弱点——它不会比一个喂了 10000 份行业合同的法律 AI 更懂法律。\\n\\n**建议的最小闭环路径：**\\n\\n选一个垂直领域 → 收集该领域高质量文档 → 喂入知识库 → 做好 Markdown 渲染和对话历史 → 找 20 个目标用户内测 → 根据反馈迭代\\n\\n这条路走通了，比做一个功能和 ChatGPT 一模一样但质量差一半的通用产品，更有商业价值。\", \"score\": 0.032}, {\"index\": 3, \"chunk_id\": \"d2e1d9be-389b-4d05-90a1-c0743db34779:v1:1:c0b44c2f2408daaa\", \"document_id\": \"d2e1d9be-389b-4d05-90a1-c0743db34779\", \"collection_id\": \"187e1d8c-0d57-419b-b495-7560a4f184c2\", \"title\": \"11.md\", \"doc_type\": \"md\", \"locator\": {\"section\": \"第三阶段：商业化功能（4-6个月）\"}, \"snippet\": \"### 第三阶段：商业化功能（4-6个月）\\n\\n**9. 积分/会员体系**\\n\\n```\\n免费版：每天 20 次对话，不能上传文件\\nPro版：无限对话 + 文件上传 + 私有知识库\\n企业版：私有部署 + API 接入 + 多人协作\\n```\\n\\n**10. 团队协作**\\n\\n共享知识库、共享对话、@同事，打企业内部工具市场。\\n\\n**11. API 开放**\\n\\n让开发者调用你的服务，收 Token 费用。\\n\\n------\", \"score\": 0.0161}, {\"index\": 4, \"chunk_id\": \"d2e1d9be-389b-4d05-90a1-c0743db34779:v1:2:bf7b901397ceab21\", \"document_id\": \"d2e1d9be-389b-4d05-90a1-c0743db34779\", \"collection_id\": \"187e1d8c-0d57-419b-b495-7560a4f184c2\", \"title\": \"11.md\", \"doc_type\": \"md\", \"locator\": {\"section\": \"四、技术优化清单\"}, \"snippet\": \"## 四、技术优化清单\\n\\n**后端优化**\\n\\n| 问题           | 当前状况             | 优化方案                                   |\\n| -------------- | -------------------- | ------------------------------------------ |\\n| 流式响应编码   | 可能有乱码           | 明确设置 `text/event-stream;charset=UTF-8` |\\n| 没有限流       | 单用户可打爆服务     | 加 Redis 限流，每分钟最多 20 次            |\\n| 向量库每次重建 | `store()` 方法被注释 | 启动时检查是否已有数据，有则跳过           |\\n| 没有异常监控   | 出错只打日志         | 接入 Sentry 或钉钉/企微告警                |\\n\\n**前端优化**\\n\\n| 问题             | 优化方案                 \", \"score\": 0.0159}]');
INSERT INTO `messages` VALUES (112, 29, 'user', '读取这里面的文档', '[]', '2026-06-21 03:11:08', NULL);
INSERT INTO `messages` VALUES (113, 29, 'assistant', '根据参考信息，文档内容整理如下：\n\n---\n\n### 一、核心功能规划\n\n**1. 文件上传 + 分析（核心差异化）**\n用户上传 PDF、Word、Excel 后，AI 直接分析处理，结合 RAG 体系实现。后端接收文件，解析切分后向量化，存入用户专属的 Redis namespace [1]。\n\n**2. 知识库管理页面**\n允许用户上传文档建立私有知识库（如公司规章制度、产品手册、竞品分析报告等），这是 ChatGPT 免费版不具备的功能 [1]。\n\n**3. 提示词模板市场**\n预设场景模板以降低使用门槛，包括：合同审查、竞品分析、数据解读、头脑风暴、邮件撰写、代码调试等 [1]。\n\n**4. 对话分享**\n生成分享链接，让用户将优质对话分享给同事，用于产品增长 [1]。\n\n---\n\n### 二、商业化功能（第三阶段，4-6个月）\n\n- **积分/会员体系**：免费版每日 20 次对话且不可上传文件；Pro 版无限对话+文件上传+私有知识库；企业版支持私有部署、API 接入和多人协作 [2]。\n- **团队协作**：共享知识库、共享对话、@同事功能，面向企业内部工具市场 [2]。\n- **API 开放**：允许开发者调用服务，收取 Token 费用 [2]。\n\n---\n\n### 三、技术优化清单\n\n**后端优化** [4]：\n- 流式响应编码：明确设置 `text/event-stream;charset=UTF-8`\n- 限流：加 Redis 限流，每分钟最多 20 次\n- 向量库：启动时检查已有数据，避免每次重建\n- 异常监控：接入 Sentry 或钉钉/企微告警\n\n**前端优化** [4]：\n- 引入 marked + highlight.js 实现 Markdown 渲染\n- 打字机效果改为逐词显示\n- 加载时显示骨架屏\n- 响应式布局适配移动端或做 PWA\n\n---\n\n### 四、核心理念\n\n技术只是门槛，**真正留住用户靠垂直场景的数据积累**。建议最小闭环路径：选择一个垂直领域 → 收集高质量文档 → 喂入知识库 → 做好 Markdown 渲染和对话历史 → 找 20 个目标用户内测 → 根据反馈迭代 [3]。', NULL, '2026-06-21 03:11:17', '[{\"index\": 1, \"chunk_id\": \"15209a4a-5922-49f3-b7cb-dbfb3be0cd47:v1:0:25dd88dab6418b86\", \"document_id\": \"15209a4a-5922-49f3-b7cb-dbfb3be0cd47\", \"collection_id\": \"a2d47e7e-87a5-432e-afd2-c6c24d8bf33e\", \"title\": \"11.md\", \"doc_type\": \"md\", \"locator\": {\"section\": \"11\"}, \"snippet\": \"# 11\\n\\n**5. 文件上传 + 分析（核心差异化）**\\n\\n用户上传 PDF、Word、Excel，AI 直接分析。这结合你已有的 RAG 体系，是最大亮点。\\n\\njava\\n\\n```java\\n// 后端接收文件，动态写入向量库\\n@PostMapping(\\\"/upload\\\")\\npublic Result<?> uploadDocument(@RequestParam MultipartFile file,\\n                                 @RequestParam String sessionId) {\\n    // 解析文件 → 切片 → 向量化 → 存入用户专属的 Redis namespace\\n}\\n```\\n\\n**6. 知识库管理页面**\\n\\n让用户自己上传文档建立私有知识库，这是 ChatGPT 免费版没有的功能。\\n\\n```\\n我的知识库\\n├── 公司规章制度.pdf  ✓\\n├── 产品手册v2.docx  ✓\\n└── 竞品分析报告.xlsx ✓\\n\\n[+ 上传文档]\\n```\\n\\n**7. 提示词模板市场**\\n\\n预设场景模板，降低用户使用门槛：\\n\\n```\\n\", \"score\": 0.0328}, {\"index\": 2, \"chunk_id\": \"15209a4a-5922-49f3-b7cb-dbfb3be0cd47:v1:1:c0b44c2f2408daaa\", \"document_id\": \"15209a4a-5922-49f3-b7cb-dbfb3be0cd47\", \"collection_id\": \"a2d47e7e-87a5-432e-afd2-c6c24d8bf33e\", \"title\": \"11.md\", \"doc_type\": \"md\", \"locator\": {\"section\": \"第三阶段：商业化功能（4-6个月）\"}, \"snippet\": \"### 第三阶段：商业化功能（4-6个月）\\n\\n**9. 积分/会员体系**\\n\\n```\\n免费版：每天 20 次对话，不能上传文件\\nPro版：无限对话 + 文件上传 + 私有知识库\\n企业版：私有部署 + API 接入 + 多人协作\\n```\\n\\n**10. 团队协作**\\n\\n共享知识库、共享对话、@同事，打企业内部工具市场。\\n\\n**11. API 开放**\\n\\n让开发者调用你的服务，收 Token 费用。\\n\\n------\", \"score\": 0.032}, {\"index\": 3, \"chunk_id\": \"15209a4a-5922-49f3-b7cb-dbfb3be0cd47:v1:3:837ab7d6024abe14\", \"document_id\": \"15209a4a-5922-49f3-b7cb-dbfb3be0cd47\", \"collection_id\": \"a2d47e7e-87a5-432e-afd2-c6c24d8bf33e\", \"title\": \"11.md\", \"doc_type\": \"md\", \"locator\": {\"section\": \"五、最重要的一点\"}, \"snippet\": \"## 五、最重要的一点\\n\\n技术只是门槛，**真正留住用户靠的是垂直场景的数据积累**。\\n\\n你喂进 RAG 的专业文档质量，决定了你的产品天花板。ChatGPT 的通用性是它的优势，也是它的弱点——它不会比一个喂了 10000 份行业合同的法律 AI 更懂法律。\\n\\n**建议的最小闭环路径：**\\n\\n选一个垂直领域 → 收集该领域高质量文档 → 喂入知识库 → 做好 Markdown 渲染和对话历史 → 找 20 个目标用户内测 → 根据反馈迭代\\n\\n这条路走通了，比做一个功能和 ChatGPT 一模一样但质量差一半的通用产品，更有商业价值。\", \"score\": 0.0318}, {\"index\": 4, \"chunk_id\": \"15209a4a-5922-49f3-b7cb-dbfb3be0cd47:v1:2:bf7b901397ceab21\", \"document_id\": \"15209a4a-5922-49f3-b7cb-dbfb3be0cd47\", \"collection_id\": \"a2d47e7e-87a5-432e-afd2-c6c24d8bf33e\", \"title\": \"11.md\", \"doc_type\": \"md\", \"locator\": {\"section\": \"四、技术优化清单\"}, \"snippet\": \"## 四、技术优化清单\\n\\n**后端优化**\\n\\n| 问题           | 当前状况             | 优化方案                                   |\\n| -------------- | -------------------- | ------------------------------------------ |\\n| 流式响应编码   | 可能有乱码           | 明确设置 `text/event-stream;charset=UTF-8` |\\n| 没有限流       | 单用户可打爆服务     | 加 Redis 限流，每分钟最多 20 次            |\\n| 向量库每次重建 | `store()` 方法被注释 | 启动时检查是否已有数据，有则跳过           |\\n| 没有异常监控   | 出错只打日志         | 接入 Sentry 或钉钉/企微告警                |\\n\\n**前端优化**\\n\\n| 问题             | 优化方案                 \", \"score\": 0.0159}]');
INSERT INTO `messages` VALUES (118, 31, 'user', '你是谁?', '[]', '2026-06-21 04:55:23', NULL);
INSERT INTO `messages` VALUES (119, 31, 'assistant', '你好！我是DeepSeek，一个由深度求索公司创造的AI助手。😊\n\n我是纯文本模型，擅长回答各种问题、进行对话交流、帮助你解决难题。我的一些特点包括：\n\n✨ **完全免费**使用\n📚 **超长上下文**（1M token），可以一次性处理像《三体》三部曲那么大体量的内容\n📎 **支持文件上传**（图片、PDF、Word、Excel、PPT等），能从中提取文字信息\n🔗 **可以阅读链接**内容\n🌐 **支持联网搜索**（需要手动开启）\n🎙️ **App端支持语音输入**\n\n我的知识截止到2025年5月，是DeepSeek最新版本模型。虽然我不支持多模态识别（比如直接看懂图片内容），但可以通过文件上传功能读取各类文档中的文字信息。\n\n有什么我可以帮你的吗？无论是学习、工作还是日常问题，都可以问我！💪', NULL, '2026-06-21 04:55:29', '[]');
INSERT INTO `messages` VALUES (120, 32, 'user', '哈喽', '[]', '2026-06-21 04:55:50', NULL);
INSERT INTO `messages` VALUES (121, 32, 'assistant', '哈喽！你好呀！👋 很高兴见到你！\n\n有什么我可以帮你的吗？无论是聊天、解答问题、写作、编程还是其他任何需求，我都很乐意帮忙！尽管说～😊', NULL, '2026-06-21 04:55:54', '[]');
INSERT INTO `messages` VALUES (122, 32, 'user', '最近几天新闻是什么', '[]', '2026-06-21 04:56:07', NULL);
INSERT INTO `messages` VALUES (123, 32, 'assistant', '根据我知识库中最近的信息，以下是2026年6月21日前后几天的新闻摘要：\n\n**📰 国际财经**\n- **美伊谈判**：技术层级会谈于6月21日在瑞士比尔根山举行，伊朗代表团已抵达，美国副总统万斯也赴瑞士参与。伊朗方面宣布关闭霍尔木兹海峡，以回应以色列对黎巴嫩的持续袭击。\n- **英国政坛震荡**：首相斯塔默预计将于下周一宣布辞职，英国国债遭遇猛烈抛售。\n- **特斯拉**：马斯克兑现2018年薪酬方案，净获约2.86亿股特斯拉股票，账面收益高达1160亿美元。\n- **市场动态**：比特币升破64000美元；黄金遭到猛烈抛售，高盛、花旗下调黄金目标价。\n\n**🔧 国内要闻**\n- **外资政策**：国新办将于6月22日举行发布会，介绍利用外资固稳促优有关政策措施。\n- **防汛形势**：广西海事局将内河防汛应急响应提升为Ⅲ级，柳州、桂林等地渡口停航停渡；西安长安区、鄠邑区、周至县发布封山控峪通告，秦岭所有峪口封闭。\n- **河南中考天气**：6月21日全省大部有小到中阵雨，中西部、北部有大雨，局部暴雨。\n\n**🤖 科技动态**\n- **微信AI助手**：“小微”灰度上线，带来智能对话等功能。\n- **安卓17**：谷歌为Pixel 10等设备带来自动终止内存占用过高App等4项隐藏改进。\n- **小米“寻天”SUV**：原型车再次曝光。\n\n**🌿 本地与民生**\n- **节气节日**：6月21日正值夏至节气，又逢端午假期，各地民俗活动丰富。\n- **固原新闻**：本土音乐人周建军专场演唱会火热上演，西吉县开展豆角采摘活动。\n\n想深入了解哪个方面的新闻，可以告诉我，我帮你详细看看！', NULL, '2026-06-21 04:56:21', '[]');
INSERT INTO `messages` VALUES (124, 32, 'user', '最近几天新闻是什么', '[]', '2026-06-21 04:56:28', NULL);
INSERT INTO `messages` VALUES (125, 32, 'assistant', '很抱歉，我的知识截止到 **2025年5月**，无法获取2025年5月之后的实时新闻。\n\n如果你需要了解**最近几天**的最新新闻，建议你：\n\n1. **打开联网搜索功能**（如果你所在平台支持），我可以帮你实时检索最新资讯并整理给你。\n2. 或者直接告诉我你关注哪些领域（比如科技、财经、国际、体育等），我可以用我的知识帮你分析相关背景或趋势。\n\n你想让我用哪种方式帮你？', NULL, '2026-06-21 04:56:33', '[]');
INSERT INTO `messages` VALUES (126, 32, 'user', '读取这个文档', '[{\"id\": \"0543908f-0e93-4272-ba0d-5f935fddd624\", \"name\": \"11.md\", \"type\": \"file\", \"mime\": \"text/markdown\"}]', '2026-06-21 04:56:47', NULL);
INSERT INTO `messages` VALUES (127, 32, 'assistant', '好的，我已经读取了 `11.md` 文档的内容。这是一份关于 **AI 对话产品开发规划** 的文档，以下是内容梳理：\n\n---\n\n## 📄 文档摘要\n\n### 第二阶段：核心功能（文件上传 + 分析）\n\n**5. 文件上传 + 分析**\n- 核心差异化功能，支持上传 PDF、Word、Excel，AI 直接分析\n- 结合 RAG 体系，后端解析文件 → 切片 → 向量化 → 存入用户专属 Redis namespace\n\n**6. 知识库管理页面**\n- 用户可上传文档建立私有知识库（ChatGPT 免费版没有的功能）\n- 示例：公司规章制度、产品手册、竞品分析报告等\n\n**7. 提示词模板市场**\n- 预设场景模板降低使用门槛，如：合同审查、竞品分析、代码调试、邮件撰写等\n\n**8. 对话分享**\n- 生成分享链接，方便用户将对话分享给同事（增长关键）\n\n---\n\n### 第三阶段：商业化功能\n\n**9. 积分/会员体系**\n- 免费版：20 次对话/天，不能上传文件\n- Pro 版：无限对话 + 文件上传 + 私有知识库\n- 企业版：私有部署 + API 接入 + 多人协作\n\n**10. 团队协作**\n- 共享知识库、共享对话、@同事\n\n**11. API 开放**\n- 开发者可调用服务，收取 Token 费用\n\n---\n\n### 技术优化清单\n\n| 类别 | 问题 | 优化方案 |\n|------|------|----------|\n| 后端 | 流式响应乱码 | 明确设置 `text/event-stream;charset=UTF-8` |\n| 后端 | 无限流 | Redis 限流，每分钟最多 20 次 |\n| 后端 | 向量库每次重建 | 启动时检查已有数据，有则跳过 |\n| 后端 | 无异常监控 | 接入 Sentry 或钉钉/企微告警 |\n| 前端 | 无 Markdown 渲染 | 引入 marked + highlight.js |\n| 前端 | 打字机效果卡顿 | 改为逐词显示 |\n| 前端 | 无骨架屏 | 加载时显示骨架屏 |\n| 前端 | 不支持移动端 | 响应式布局 / PWA |\n\n---\n\n### 核心观点\n\n> **技术只是门槛，真正留住用户靠的是垂直场景的数据积累。**\n> \n> 建议最小闭环路径：选垂直领域 → 收集高质量文档 → 喂入知识库 → 做好 Markdown 渲染和对话历史 → 找 20 个目标用户内测 → 迭代优化。\n\n---\n\n如果你想对这份文档的某个部分展开讨论，或者需要我帮你生成对应的代码实现，随时告诉我！', NULL, '2026-06-21 04:56:58', '[]');
INSERT INTO `messages` VALUES (128, 32, 'user', '读取这张图片', '[{\"id\": \"90bd7368-510e-4404-847f-5378761e6916\", \"name\": \"Snipaste_2026-06-10_23-54-22.png\", \"type\": \"image\", \"mime\": \"image/png\"}]', '2026-06-21 04:57:11', NULL);
INSERT INTO `messages` VALUES (129, 32, 'assistant', '好的，图片内容已读取！这是一张关于 **CART 分类树** 中 **基尼值（Gini）** 和 **基尼指数（Gini index）** 的笔记截图。以下是整理后的内容：\n\n---\n\n## 📷 图片内容整理\n\n### 一、基尼值 Gini(D)\n\n> 从数据集 D 中随机抽取两个样本，其**类别标记不一致的概率**。\n>\n> 故，**Gini(D) 值越小，数据集 D 的纯度越高**。\n\n**公式：**\n\\[\n\\text{Gini}(D) = \\sum_{k=1}^{|y|} p_k (1 - p_k) = 1 - \\sum_{k=1}^{|y|} p_k^2\n\\]\n\n---\n\n### 二、基尼指数 Gini_index(D)\n\n> 选择使**划分后基尼系数最小**的属性作为最优化分属性。\n\n**公式：**\n\\[\n\\text{Gini\\_index}(D, a) = \\sum_{v=1}^{V} \\frac{|D^v|}{|D|} \\cdot \\text{Gini}(D^v)\n\\]\n\n---\n\n### 三、计算示例\n\n| 概率分布 | 基尼值 |\n|----------|--------|\n| 1² = 1 的两类（纯） | **0** |\n| 0.5² + 0.5² = 0.5 的两类 | **0.5** |\n| 0.5² + 0.3² + 0.2² = 0.38 的三类 | **0.62** |\n\n---\n\n### 四、特征选择标准对比\n\n| 指标 | 选择标准 | 典型算法 |\n|------|----------|----------|\n| **信息增益（ID3）** | 值越大，优先选择该特征 | ID3 |\n| **信息增益率（C4.5）** | 值越大，优先选择该特征 | C4.5 |\n| **基尼指数（CART）** | **值越小**，优先选择该特征 | CART |\n\n---\n\n### 五、核心要点\n\n- **基尼值**衡量节点内样本的混乱程度，越小越纯\n- **基尼指数**衡量按某属性划分后的加权混乱程度，选择**最小**的作为划分属性\n- 与信息增益/增益率\"越大越好\"不同，基尼指数是**越小越好**\n\n---\n\n如果你需要我进一步解释 CART 回归树、剪枝策略，或者想知道基尼指数和信息增益的区别，随时说！', NULL, '2026-06-21 04:57:22', '[]');
INSERT INTO `messages` VALUES (130, 33, 'user', '读取我这库的内容?', '[]', '2026-06-21 04:58:57', NULL);
INSERT INTO `messages` VALUES (131, 33, 'assistant', '知识库中没有足够信息回答您的问题。提供的参考信息仅包含一个讲义链接和密码，未涉及库内容的读取方法或相关说明。', NULL, '2026-06-21 04:59:00', '[{\"index\": 1, \"chunk_id\": \"360719ac-0b5f-442c-ae98-ba202ec237b7:v1:0:58d4d5b1a07da87c\", \"document_id\": \"360719ac-0b5f-442c-ae98-ba202ec237b7\", \"collection_id\": \"3354ccbc-ec69-4939-b133-648140d674e4\", \"title\": \"在线讲义.txt\", \"doc_type\": \"txt\", \"locator\": {}, \"snippet\": \"讲义：https://www.yuque.com/zhangzhijun-91vgw/javaai1.0?# 《Java+AI智能应用开发（线上训练营）v1.0》 密码：nxyt\", \"score\": 0.0164}]');
INSERT INTO `messages` VALUES (132, 34, 'user', '读取我这个库的内容', '[]', '2026-06-21 05:00:07', NULL);
INSERT INTO `messages` VALUES (133, 34, 'assistant', '知识库中没有足够信息来回答“读取我这个库的内容”这一问题。所提供的参考信息仅涉及文件上传分析、知识库管理、提示词模板和对话分享等功能的描述，并未包含任何关于如何读取库内容的具体说明或操作步骤。', NULL, '2026-06-21 05:00:11', '[{\"index\": 1, \"chunk_id\": \"6b2d59c0-ff65-4676-9388-22a940279296:v1:0:25dd88dab6418b86\", \"document_id\": \"6b2d59c0-ff65-4676-9388-22a940279296\", \"collection_id\": \"3354ccbc-ec69-4939-b133-648140d674e4\", \"title\": \"11.md\", \"doc_type\": \"md\", \"locator\": {\"section\": \"11\"}, \"snippet\": \"# 11\\n\\n**5. 文件上传 + 分析（核心差异化）**\\n\\n用户上传 PDF、Word、Excel，AI 直接分析。这结合你已有的 RAG 体系，是最大亮点。\\n\\njava\\n\\n```java\\n// 后端接收文件，动态写入向量库\\n@PostMapping(\\\"/upload\\\")\\npublic Result<?> uploadDocument(@RequestParam MultipartFile file,\\n                                 @RequestParam String sessionId) {\\n    // 解析文件 → 切片 → 向量化 → 存入用户专属的 Redis namespace\\n}\\n```\\n\\n**6. 知识库管理页面**\\n\\n让用户自己上传文档建立私有知识库，这是 ChatGPT 免费版没有的功能。\\n\\n```\\n我的知识库\\n├── 公司规章制度.pdf  ✓\\n├── 产品手册v2.docx  ✓\\n└── 竞品分析报告.xlsx ✓\\n\\n[+ 上传文档]\\n```\\n\\n**7. 提示词模板市场**\\n\\n预设场景模板，降低用户使用门槛：\\n\\n```\\n\", \"score\": 0.0315}]');
INSERT INTO `messages` VALUES (134, 35, 'user', '读取这张图片', '[{\"id\": \"4a1d5f67-7836-4cc2-a9b7-28d6aae1c40d\", \"name\": \"Snipaste_2026-05-06_22-12-14.png\", \"type\": \"image\", \"mime\": \"image/png\"}]', '2026-06-25 12:19:00', NULL);
INSERT INTO `messages` VALUES (135, 35, 'assistant', '这张图片是一个AI对话界面的截图，显示了一个类似知识库问答助手的交互过程。具体包含以下内容：\n\n**左侧对话区：**\n- 顶部有“新建对话”按钮和搜索框。\n- 用户提问：“怎么才能赚到钱？” AI回答：“根据上传的文档 1 23.txt 中的内容，我是 ros 小助手。”\n- 用户提问：“你谁？” AI回答涉及“根据在线知识库你选择的文档来给你相对应的回复”。\n- 用户提问：“ArrayList 和 LinkedList 有什么区别？” AI回答：“根据文档 1.txt 中[Java 集合]部分的内容，ArrayList 和 LinkedList 的区别主要体现在实现方式和性能特点上：实现方式：ArrayList: 基于数组实现。LinkedList: 基于链表实现。性能特点：ArrayList: 查询快，但插入慢。LinkedList: 插入快，但查询慢。” 下方有“复制”和“重新生成”按钮。\n- 用户提问：“Redis 关系型数据库吗？” AI回答：“根据上传的文档 5t × t 中的（混淆数据）部分，Redis 不是关系型数据库。文档中明确指出：‘Redis 是关系型数据库’这一说法是错误的。正确的分类是：Redis 是 NoSQL 数据库。” 同样有“复制”和“重新生成”按钮。\n\n**右侧配置/会话面板：**\n- 显示“模板会话”、“文件上传”、“图片”等功能。\n- 提示“当前会话已记忆 6 个文件”，并列出已上传的文档：文档4、文档2.md、文档5.txt、文档E3.docx、文档1.txt、123.txt。\n- 底部有输入消息框，并提示“Enter 发送，Ctrl+Enter 换行”。\n\n整个界面表明这是一个基于用户上传文档作为知识库进行检索和回答的AI助手系统。', NULL, '2026-06-25 12:19:09', '[]');
INSERT INTO `messages` VALUES (136, 35, 'user', '读取这个文档', '[{\"id\": \"9f734a14-9f7a-4a10-8f0c-2ef94e616700\", \"name\": \"11.md\", \"type\": \"file\", \"mime\": \"text/markdown\"}]', '2026-06-25 12:19:23', NULL);
INSERT INTO `messages` VALUES (137, 35, 'assistant', '这是一份关于**AI对话产品开发规划**的技术文档，主要内容分为以下几个部分：\n\n---\n\n## 一、核心差异化功能：文件上传 + 分析\n用户可上传 PDF、Word、Excel 等文件，AI 直接分析，结合 RAG 体系实现。后端将文件解析 → 切片 → 向量化 → 存入用户专属的 Redis namespace。\n\n## 二、知识库管理页面\n让用户自行上传文档建立私有知识库，类似截图中的“当前会话已记忆 6 个文件”那种效果，这是 ChatGPT 免费版没有的功能。\n\n## 三、提示词模板市场\n预设场景模板降低使用门槛，如：合同审查、竞品分析、数据解读、头脑风暴、邮件撰写、代码调试等。\n\n## 四、对话分享\n生成分享链接，方便用户把对话分享给同事，是产品增长的关键手段。\n\n## 五、商业化功能（第三阶段）\n- **免费版**：每天 20 次对话，不能上传文件\n- **Pro版**：无限对话 + 文件上传 + 私有知识库\n- **企业版**：私有部署 + API 接入 + 多人协作\n\n还包括团队协作（共享知识库、@同事）和 API 开放（收 Token 费用）。\n\n## 六、技术优化清单\n- **后端**：流式响应编码修正、Redis 限流、向量库持久化（避免每次重建）、接入异常监控（Sentry/钉钉/企微）\n- **前端**：Markdown 渲染（marked + highlight.js）、打字机效果优化（逐词显示）、骨架屏、移动端适配\n\n## 七、最核心的建议\n**技术只是门槛，真正留住用户靠垂直场景的数据积累。** 建议选一个垂直领域 → 收集高质量文档 → 喂入知识库 → 找目标用户内测 → 迭代优化。这比做一个和 ChatGPT 功能一样但质量差的通用产品更有商业价值。', NULL, '2026-06-25 12:19:31', '[]');
INSERT INTO `messages` VALUES (138, 36, 'user', '读取这个知识库', '[]', '2026-06-25 12:20:46', NULL);
INSERT INTO `messages` VALUES (139, 36, 'assistant', '根据提供的知识库，内容主要围绕构建一个基于 RAG（检索增强生成）的 AI 助手产品，涵盖了功能规划、商业化策略和技术优化建议。具体包括：\n\n- **核心功能**：文件上传并直接分析，让 AI 处理 PDF、Word、Excel 等文档，结合已有 RAG 体系，实现动态向量库写入 [1]。\n- **知识库管理**：用户可以上传文档建立私有知识库，支持查看和管理已上传的文档 [1]。\n- **提示词模板市场**：提供预设场景模板（如合同审查、代码调试等），降低使用门槛 [1]。\n- **对话分享**：生成分享链接，方便用户将优质对话分享给他人 [1]。\n- **商业化功能**：积分/会员体系（免费版、Pro 版、企业版），团队协作（共享知识库、对话），以及 API 开放并收取 Token 费用 [2]。\n- **核心建议**：强调垂直场景的数据积累是留住用户的关键，建议选择垂直领域、收集高质量文档、迭代优化，形成闭环 [3]。\n- **技术优化**：列出了后端和前端的具体优化点，如流式响应编码、限流、向量库重建、Markdown 渲染、移动端适配等 [4]。\n\n知识库中没有针对特定技术实现细节或操作步骤的进一步说明，如需了解更多，可提出具体问题。', NULL, '2026-06-25 12:20:56', '[{\"index\": 1, \"chunk_id\": \"be6f7663-a6dc-494d-9307-8367c87c0df8:v1:0:25dd88dab6418b86\", \"document_id\": \"be6f7663-a6dc-494d-9307-8367c87c0df8\", \"collection_id\": \"2cb41af7-af7d-4b27-9404-bef621770b59\", \"title\": \"11.md\", \"doc_type\": \"md\", \"locator\": {\"section\": \"11\"}, \"snippet\": \"# 11\\n\\n**5. 文件上传 + 分析（核心差异化）**\\n\\n用户上传 PDF、Word、Excel，AI 直接分析。这结合你已有的 RAG 体系，是最大亮点。\\n\\njava\\n\\n```java\\n// 后端接收文件，动态写入向量库\\n@PostMapping(\\\"/upload\\\")\\npublic Result<?> uploadDocument(@RequestParam MultipartFile file,\\n                                 @RequestParam String sessionId) {\\n    // 解析文件 → 切片 → 向量化 → 存入用户专属的 Redis namespace\\n}\\n```\\n\\n**6. 知识库管理页面**\\n\\n让用户自己上传文档建立私有知识库，这是 ChatGPT 免费版没有的功能。\\n\\n```\\n我的知识库\\n├── 公司规章制度.pdf  ✓\\n├── 产品手册v2.docx  ✓\\n└── 竞品分析报告.xlsx ✓\\n\\n[+ 上传文档]\\n```\\n\\n**7. 提示词模板市场**\\n\\n预设场景模板，降低用户使用门槛：\\n\\n```\\n\", \"score\": 0.0325}, {\"index\": 2, \"chunk_id\": \"be6f7663-a6dc-494d-9307-8367c87c0df8:v1:1:c0b44c2f2408daaa\", \"document_id\": \"be6f7663-a6dc-494d-9307-8367c87c0df8\", \"collection_id\": \"2cb41af7-af7d-4b27-9404-bef621770b59\", \"title\": \"11.md\", \"doc_type\": \"md\", \"locator\": {\"section\": \"第三阶段：商业化功能（4-6个月）\"}, \"snippet\": \"### 第三阶段：商业化功能（4-6个月）\\n\\n**9. 积分/会员体系**\\n\\n```\\n免费版：每天 20 次对话，不能上传文件\\nPro版：无限对话 + 文件上传 + 私有知识库\\n企业版：私有部署 + API 接入 + 多人协作\\n```\\n\\n**10. 团队协作**\\n\\n共享知识库、共享对话、@同事，打企业内部工具市场。\\n\\n**11. API 开放**\\n\\n让开发者调用你的服务，收 Token 费用。\\n\\n------\", \"score\": 0.0325}, {\"index\": 3, \"chunk_id\": \"be6f7663-a6dc-494d-9307-8367c87c0df8:v1:3:837ab7d6024abe14\", \"document_id\": \"be6f7663-a6dc-494d-9307-8367c87c0df8\", \"collection_id\": \"2cb41af7-af7d-4b27-9404-bef621770b59\", \"title\": \"11.md\", \"doc_type\": \"md\", \"locator\": {\"section\": \"五、最重要的一点\"}, \"snippet\": \"## 五、最重要的一点\\n\\n技术只是门槛，**真正留住用户靠的是垂直场景的数据积累**。\\n\\n你喂进 RAG 的专业文档质量，决定了你的产品天花板。ChatGPT 的通用性是它的优势，也是它的弱点——它不会比一个喂了 10000 份行业合同的法律 AI 更懂法律。\\n\\n**建议的最小闭环路径：**\\n\\n选一个垂直领域 → 收集该领域高质量文档 → 喂入知识库 → 做好 Markdown 渲染和对话历史 → 找 20 个目标用户内测 → 根据反馈迭代\\n\\n这条路走通了，比做一个功能和 ChatGPT 一模一样但质量差一半的通用产品，更有商业价值。\", \"score\": 0.0317}, {\"index\": 4, \"chunk_id\": \"be6f7663-a6dc-494d-9307-8367c87c0df8:v1:2:bf7b901397ceab21\", \"document_id\": \"be6f7663-a6dc-494d-9307-8367c87c0df8\", \"collection_id\": \"2cb41af7-af7d-4b27-9404-bef621770b59\", \"title\": \"11.md\", \"doc_type\": \"md\", \"locator\": {\"section\": \"四、技术优化清单\"}, \"snippet\": \"## 四、技术优化清单\\n\\n**后端优化**\\n\\n| 问题           | 当前状况             | 优化方案                                   |\\n| -------------- | -------------------- | ------------------------------------------ |\\n| 流式响应编码   | 可能有乱码           | 明确设置 `text/event-stream;charset=UTF-8` |\\n| 没有限流       | 单用户可打爆服务     | 加 Redis 限流，每分钟最多 20 次            |\\n| 向量库每次重建 | `store()` 方法被注释 | 启动时检查是否已有数据，有则跳过           |\\n| 没有异常监控   | 出错只打日志         | 接入 Sentry 或钉钉/企微告警                |\\n\\n**前端优化**\\n\\n| 问题             | 优化方案                 \", \"score\": 0.0156}]');
INSERT INTO `messages` VALUES (140, 36, 'user', '最近几天的新闻', '[]', '2026-06-25 12:21:27', NULL);
INSERT INTO `messages` VALUES (141, 36, 'assistant', '知识库中主要包含的是关于构建AI助手产品的技术方案和功能规划，包括文件上传分析、知识库管理、提示词模板市场、商业化功能等内容 [1][2][3][4]，并没有任何关于近日新闻事件的信息。\n\n知识库中没有足够信息回答您关于“最近几天的新闻”的问题。如需了解近期新闻，建议您提供更具体的查询方向，或使用具备联网搜索功能的工具获取实时资讯。', NULL, '2026-06-25 12:21:34', '[{\"index\": 1, \"chunk_id\": \"be6f7663-a6dc-494d-9307-8367c87c0df8:v1:0:25dd88dab6418b86\", \"document_id\": \"be6f7663-a6dc-494d-9307-8367c87c0df8\", \"collection_id\": \"2cb41af7-af7d-4b27-9404-bef621770b59\", \"title\": \"11.md\", \"doc_type\": \"md\", \"locator\": {\"section\": \"11\"}, \"snippet\": \"# 11\\n\\n**5. 文件上传 + 分析（核心差异化）**\\n\\n用户上传 PDF、Word、Excel，AI 直接分析。这结合你已有的 RAG 体系，是最大亮点。\\n\\njava\\n\\n```java\\n// 后端接收文件，动态写入向量库\\n@PostMapping(\\\"/upload\\\")\\npublic Result<?> uploadDocument(@RequestParam MultipartFile file,\\n                                 @RequestParam String sessionId) {\\n    // 解析文件 → 切片 → 向量化 → 存入用户专属的 Redis namespace\\n}\\n```\\n\\n**6. 知识库管理页面**\\n\\n让用户自己上传文档建立私有知识库，这是 ChatGPT 免费版没有的功能。\\n\\n```\\n我的知识库\\n├── 公司规章制度.pdf  ✓\\n├── 产品手册v2.docx  ✓\\n└── 竞品分析报告.xlsx ✓\\n\\n[+ 上传文档]\\n```\\n\\n**7. 提示词模板市场**\\n\\n预设场景模板，降低用户使用门槛：\\n\\n```\\n\", \"score\": 0.0323}, {\"index\": 2, \"chunk_id\": \"be6f7663-a6dc-494d-9307-8367c87c0df8:v1:2:bf7b901397ceab21\", \"document_id\": \"be6f7663-a6dc-494d-9307-8367c87c0df8\", \"collection_id\": \"2cb41af7-af7d-4b27-9404-bef621770b59\", \"title\": \"11.md\", \"doc_type\": \"md\", \"locator\": {\"section\": \"四、技术优化清单\"}, \"snippet\": \"## 四、技术优化清单\\n\\n**后端优化**\\n\\n| 问题           | 当前状况             | 优化方案                                   |\\n| -------------- | -------------------- | ------------------------------------------ |\\n| 流式响应编码   | 可能有乱码           | 明确设置 `text/event-stream;charset=UTF-8` |\\n| 没有限流       | 单用户可打爆服务     | 加 Redis 限流，每分钟最多 20 次            |\\n| 向量库每次重建 | `store()` 方法被注释 | 启动时检查是否已有数据，有则跳过           |\\n| 没有异常监控   | 出错只打日志         | 接入 Sentry 或钉钉/企微告警                |\\n\\n**前端优化**\\n\\n| 问题             | 优化方案                 \", \"score\": 0.032}, {\"index\": 3, \"chunk_id\": \"be6f7663-a6dc-494d-9307-8367c87c0df8:v1:3:837ab7d6024abe14\", \"document_id\": \"be6f7663-a6dc-494d-9307-8367c87c0df8\", \"collection_id\": \"2cb41af7-af7d-4b27-9404-bef621770b59\", \"title\": \"11.md\", \"doc_type\": \"md\", \"locator\": {\"section\": \"五、最重要的一点\"}, \"snippet\": \"## 五、最重要的一点\\n\\n技术只是门槛，**真正留住用户靠的是垂直场景的数据积累**。\\n\\n你喂进 RAG 的专业文档质量，决定了你的产品天花板。ChatGPT 的通用性是它的优势，也是它的弱点——它不会比一个喂了 10000 份行业合同的法律 AI 更懂法律。\\n\\n**建议的最小闭环路径：**\\n\\n选一个垂直领域 → 收集该领域高质量文档 → 喂入知识库 → 做好 Markdown 渲染和对话历史 → 找 20 个目标用户内测 → 根据反馈迭代\\n\\n这条路走通了，比做一个功能和 ChatGPT 一模一样但质量差一半的通用产品，更有商业价值。\", \"score\": 0.032}, {\"index\": 4, \"chunk_id\": \"be6f7663-a6dc-494d-9307-8367c87c0df8:v1:1:c0b44c2f2408daaa\", \"document_id\": \"be6f7663-a6dc-494d-9307-8367c87c0df8\", \"collection_id\": \"2cb41af7-af7d-4b27-9404-bef621770b59\", \"title\": \"11.md\", \"doc_type\": \"md\", \"locator\": {\"section\": \"第三阶段：商业化功能（4-6个月）\"}, \"snippet\": \"### 第三阶段：商业化功能（4-6个月）\\n\\n**9. 积分/会员体系**\\n\\n```\\n免费版：每天 20 次对话，不能上传文件\\nPro版：无限对话 + 文件上传 + 私有知识库\\n企业版：私有部署 + API 接入 + 多人协作\\n```\\n\\n**10. 团队协作**\\n\\n共享知识库、共享对话、@同事，打企业内部工具市场。\\n\\n**11. API 开放**\\n\\n让开发者调用你的服务，收 Token 费用。\\n\\n------\", \"score\": 0.0317}]');
INSERT INTO `messages` VALUES (142, 37, 'user', '最近几天的新闻', '[]', '2026-06-25 12:21:59', NULL);
INSERT INTO `messages` VALUES (143, 37, 'assistant', '我整理了2026年6月25日（周四）的重要新闻，涵盖财经、体育、社会、辟谣等多个方面，供你参考：\n\n---\n\n### 📰 财经 & 科技\n- **SpaceX 发债**：SpaceX 将发行250亿美元债券，分五期，最长期限30年，用于储备资金。\n- **阿里巴巴起诉美国防部**：阿里已正式起诉，要求将其从“中国军事企业名单”中移除，称该决定毫无事实依据。\n- **美伊和谈博弈**：特朗普称不接受协议包含任何航运费用，美伊双方围绕核核查、资产解冻等互相矛盾表态。\n- **工业5G专网试点**：五部门联合启动试点，加速“5G+工业互联网”落地。\n- **美股期指高开**：受美光亮眼业绩推动，纳指期货涨1.47%，道指涨0.65%。\n- **中国版“星链”加速**：垣信卫星启动新一轮增资，商业航天融资规模或创纪录。\n- **上海绿色甲醇交付**：申能集团成功交付超6000吨绿醇，刷新国内单次交付纪录。\n- **审计署通报银行逃税**：中国银行被指逃税23.67亿元，银行回应立行立改。\n\n### 🏈 体育\n- **巴萨新球衣**：2026-27赛季新球衣将于6月30日在巴塞罗那当代艺术博物馆发布，7月1日开售。\n- **安东尼·戈登转会**：纽卡边锋加盟巴萨，合同含三项奖金条款，但世界杯表现低迷。\n- **温网前瞻**：6月29日开赛，中国军团4人直通正赛，力争突破首轮。\n- **郑钦文止步**：WTA巴特洪堡站第二轮1-2遭陶森逆转，赛后称高温影响专注力。\n\n### ⚖️ 社会 & 法治\n- **最高法新闻发布会**：今日举行“依法惩治新型毒品犯罪 防范未成年人药物滥用”发布会，公布典型案例。\n- **河北高考一分一档表**：2026年河北高考分数线及一分一档表于6月25日0时公布，考生可查成绩。\n- **天津大港通地铁？假的**：滨海新区住建委澄清，网传视频为虚假信息，大港暂无在建地铁。\n\n### 🌍 国际\n- **特朗普回应伊朗小学遭袭**：称可能永远无法查明是谁袭击了伊朗女子小学（2月28日事件）。\n\n---\n\n如果想深入了解某条新闻，可以告诉我，我帮你展开细节。', NULL, '2026-06-25 12:22:14', '[]');
INSERT INTO `messages` VALUES (144, 38, 'user', '读取这个ppt', '[{\"id\": \"462ded31-c8ba-4b23-8963-7f126edc9b33\", \"name\": \"项目介绍PPT.pptx\", \"type\": \"file\", \"mime\": \"application/vnd.openxmlformats-officedocument.presentationml.presentation\"}]', '2026-06-25 12:23:53', NULL);
INSERT INTO `messages` VALUES (145, 38, 'assistant', '好的，我已经读取了您提供的PPT文件。这是一个关于“项目介绍”的演示文稿，共包含21页幻灯片。以下是为您整理的核心内容摘要：\n\n### **项目介绍PPT内容摘要**\n\n---\n\n#### **第1页：项目介绍封面**\n*   **项目名称**：项目介绍\n*   **团队名称**：团队名称\n*   **演示日期**：2023年X月X日\n\n---\n\n#### **第2页：项目背景**\n*   **市场现状**：当前市场存在XX问题，具体表现为市场规模大但效率低下，用户需求未被充分满足。\n*   **用户痛点**：用户在使用现有产品/服务时，面临操作复杂、成本高昂、体验不佳等核心痛点。\n*   **机遇**：随着技术发展和政策支持，解决该问题具有巨大的市场潜力和价值。\n\n---\n\n#### **第3页：项目概要**\n*   **一句话概括**：我们提供XX解决方案，通过XX技术/模式，帮助XX用户解决XX问题，实现XX价值。\n*   **核心功能**:\n    *   功能点1：具体描述\n    *   功能点2：具体描述\n    *   功能点3：具体描述\n\n---\n\n#### **第4页：目标用户**\n*   **用户画像**：\n    *   **主要用户群体**：例如，年轻的职场人士、中小企业主等。\n    *   **用户特征**：年龄、职业、收入、行为习惯等。\n    *   **核心需求**：他们最需要的是高效、便捷、低成本的解决方案。\n\n---\n\n#### **第5页：产品展示**\n*   **产品形态**：APP、网页、小程序、硬件设备等。\n*   **核心界面与流程**：展示了从用户注册到完成核心任务的关键操作流程和界面截图。\n*   **技术亮点**：采用了XX先进技术，如AI算法、大数据分析、区块链等，确保产品优势。\n\n---\n\n#### **第6页：商业模式**\n*   **盈利模式**：\n    *   **收入来源**：包括订阅费、交易佣金、广告收入、增值服务费等。\n    *   **成本结构**：主要成本包括研发、市场推广、运营维护等。\n*   **定价策略**：提供免费基础版 + 付费高级版，针对企业客户提供定制化方案。\n\n---\n\n#### **第7页：市场分析**\n*   **市场规模**：引用权威数据，展示目标市场的总规模（TAM）、可服务市场规模（SAM）和可获得市场规模（SOM）。\n*   **增长趋势**：市场年复合增长率（CAGR）高达XX%，前景广阔。\n*   **竞争格局**：\n    *   **竞争对手A**：优势/劣势\n    *   **竞争对手B**：优势/劣势\n    *   **我们的差异化优势**：在技术、用户体验、成本或商业模式上的独特壁垒。\n\n---\n\n#### **第8页：发展规划**\n*   **短期目标（1年内）**：完成产品迭代，获取首批XX万种子用户，验证商业模式。\n*   **中期目标（2-3年）**：拓展至XX新市场，实现用户数突破XX万，达到盈亏平衡。\n*   **长期目标（3-5年）**：成为行业领导者，构建完整生态，筹备上市。\n\n---\n\n#### **第9页：团队介绍**\n*   **核心成员**：\n    *   **CEO/创始人**：姓名，背景简介（如：前XX公司高管，XX年行业经验）。\n    *   **CTO**：姓名，技术背景简介（如：XX领域技术专家）。\n    *   **CMO/其他核心成员**：姓名，相关经验与成就。\n*   **团队优势**：团队配置完整，在技术、市场、运营等方面拥有丰富的经验和资源。\n\n---\n\n#### **第10页：融资需求**\n*   **本轮融资轮次**：天使轮/Pre-A轮/A轮。\n*   **融资金额**：计划融资XX万元。\n*   **出让股份**：出让XX%的股份。\n*   **资金用途**：\n    *   **产品研发**：XX%\n    *   **市场推广**：XX%\n    *   **团队扩充**：XX%\n    *   **日常运营**：XX%\n\n---\n\n#### **第11页：风险评估与应对**\n*   **主要风险**：\n    *   **市场风险**：市场接受度不及预期。 **应对措施**：快速迭代，小步快跑，紧跟市场反馈。\n    *   **竞争风险**：巨头进入或模仿。 **应对措施**：加强技术壁垒和品牌建设，提升用户粘性。\n    *   **技术风险**：核心技术的研发与落地挑战。 **应对措施**：储备技术人才，保持技术前瞻性。\n    *   **运营风险**：用户增长和留存的挑战。 **应对措施**：精细化运营，数据驱动决策。\n\n---\n\n#### **第12页：项目亮点**\n*   **创新性**：首创了XX模式，解决了行业XX难题。\n*   **技术壁垒**：拥有XX项核心专利/技术，难以被复制。\n*   **数据驱动**：基于海量数据和高精度算法，持续优化产品与服务。\n*   **团队实力**：创始团队兼具行业洞察力和执行力。\n\n---\n\n#### **第13页：技术架构**\n*   **系统架构图**：展示了从数据层、业务层到应用层的完整技术架构。\n*   **核心技术组件**：包括负载均衡、分布式缓存、数据库集群、AI引擎等。\n*   **安全与稳定**：采用多重备份、数据加密、风控系统等措施，保障服务安全稳定。\n\n---\n\n#### **第14页：运营策略**\n*   **推广渠道**：线上（社交媒体、内容营销、KOL合作）与线下（行业会议、地推）相结合。\n*   **用户增长策略**：通过邀请奖励、裂变营销、SEO/SEM等手段实现低成本获客。\n*   **客户服务**：建立7x24小时客服体系，通过社区、FAQ等提升用户满意度。\n\n---\n\n#### **第15页：财务预测**\n*   **未来3-5年财务预测**：\n    *   **收入预测**：预计第1年收入XX万，第3年突破XX万，保持高速增长。\n    *   **成本预测**：详细列出各年份的研发、市场、人力等成本。\n    *   **利润预测**：预计在XX年实现盈亏平衡，XX年实现规模化盈利。\n\n---\n\n#### **第16页：合作伙伴**\n*   **已达成合作**：\n    *   **战略合作伙伴A**：合作内容简述。\n    *   **渠道合作伙伴B**：合作内容简述。\n    *   **技术合作伙伴C**：合作内容简述。\n*   **合作价值**：共同拓展市场，整合资源，提升产品和完善服务。\n\n---\n\n#### **第17页：项目里程碑**\n*   **已完成**：\n    *   202X年X月：项目启动，完成核心团队组建。\n    *   202X年X月：完成MVP开发，获得首批种子用户。\n*   **计划中**：\n    *   202X年X月：发布正式版1.0。\n    *   202X年X月：启动A轮融资，用户数突破XX万。\n\n---\n\n#### **第18页：社会价值**\n*   **解决的问题**：项目致力于解决XX社会问题，如环保、教育、医疗、就业等。\n*   **产生的积极影响**：提升效率、降低成本、创造就业、促进信息平权等。\n*   **长期愿景**：不仅是一个商业项目，更是推动社会进步和可持续发展的力量。\n\n---\n\n#### **第19页：项目总结**\n*   **核心价值**：我们通过XX创新方案，精准解决了XX痛点。\n*   **市场机会**：市场规模巨大，增长迅速，我们正处于最佳切入时机。\n*   **团队与执行**：我们拥有一支有梦想、有能力的团队，并已制定了清晰的执行路径。\n*   **邀请**：我们诚挚邀请您加入我们，共同参与并见证这一伟大事业。\n\n---\n\n#### **第20页：附录**\n*   **补充材料**：包括更详细的市场调研数据、产品技术文档、用户反馈报告、媒体报道等，可根据需要提供。\n\n---\n\n#### **第21页：结束页**\n*   **感谢语**：感谢您的聆听！\n*   **联系方式**：联系人、邮箱、电话、公司地址、项目官网/公众号等。\n\n---\n\n希望这份摘要对您有帮助。如果您需要就其中任何一部分进行深入探讨，请随时告诉我。', NULL, '2026-06-25 12:24:33', '[]');

-- ----------------------------
-- Table structure for users
-- ----------------------------
DROP TABLE IF EXISTS `users`;
CREATE TABLE `users`  (
  `id` int NOT NULL AUTO_INCREMENT,
  `username` varchar(50) CHARACTER SET utf8mb4 COLLATE utf8mb4_unicode_ci NOT NULL,
  `email` varchar(100) CHARACTER SET utf8mb4 COLLATE utf8mb4_unicode_ci NOT NULL,
  `password_hash` varchar(255) CHARACTER SET utf8mb4 COLLATE utf8mb4_unicode_ci NOT NULL,
  `created_at` datetime NULL DEFAULT CURRENT_TIMESTAMP,
  `updated_at` datetime NULL DEFAULT CURRENT_TIMESTAMP ON UPDATE CURRENT_TIMESTAMP,
  PRIMARY KEY (`id`) USING BTREE,
  UNIQUE INDEX `username`(`username` ASC) USING BTREE,
  UNIQUE INDEX `email`(`email` ASC) USING BTREE
) ENGINE = InnoDB AUTO_INCREMENT = 15 CHARACTER SET = utf8mb4 COLLATE = utf8mb4_unicode_ci ROW_FORMAT = Dynamic;

-- ----------------------------
-- Records of users
-- ----------------------------
INSERT INTO `users` VALUES (2, 'ros', 'aesdsaf@asd.com', '$2b$12$1MR9nXisXgDpuukWf31UYum51RGKzYoa2KEjGbTO0zc8EUigV.f4m', '2026-05-25 15:16:34', '2026-05-25 15:16:34');
INSERT INTO `users` VALUES (3, 'vue3user', 'vue3@test.com', '$2b$12$Jtpnd7.ZY8MeeappPqM.9uQqCmrJ.V64y7TCqT0ldgZ8FUiCPeBiO', '2026-05-25 16:24:02', '2026-05-25 16:24:02');
INSERT INTO `users` VALUES (4, '1111', 'asda@aa.com', '$2b$12$f7zGS0rgY1f0tcurCtqT0eP7Z2CgGy.ql/T.pjpL6bsbjoZPt1BMm', '2026-05-25 16:27:04', '2026-05-25 16:27:04');
INSERT INTO `users` VALUES (5, '2222', 'sadas@asd.com', '$2b$12$m01Q0CAYllblgbTP1qV7telqRUidJSfmAy9i2nri0vpqjXsF6dWla', '2026-05-25 16:31:38', '2026-05-25 16:31:38');
INSERT INTO `users` VALUES (6, 'vueuser', 'vuetest@test.com', '$2b$12$R5dl9VNstQOMCoxIPLpH2OnTI96BKrf/tEpn.YwQpEuc4If5G24AS', '2026-05-25 16:44:25', '2026-05-25 16:44:25');
INSERT INTO `users` VALUES (7, 'testuser', 'test@test.com', '$2b$12$UwoHseVclp1nB7sjOQbDG.McRQF.4f1A4DJLwjM.6MYkUAcqQ.bCS', '2026-06-04 08:45:19', '2026-06-04 08:45:19');
INSERT INTO `users` VALUES (8, 'ww', 'aasd@asda.com', '$2b$12$x88054AkfUoQXRnuL2g00OiSHkYFwDH/z38/cYX60VAQZH5Eqn6Me', '2026-06-06 05:28:05', '2026-06-06 05:28:05');
INSERT INTO `users` VALUES (10, 'kb_e2e_0606', 'kb_e2e_0606@example.com', '$2b$12$JhjBqs0RhZESbV1scc2Zq.GK2heLEjopy4hbrtS9tNZeI5q2.4lTW', '2026-06-06 07:08:43', '2026-06-06 07:08:43');
INSERT INTO `users` VALUES (11, 'test20260610163512', 'test20260610163512@t.com', '$2b$12$V.IPIvMeCtNBlwTJBbioBOBU0Iy1BFNbS.YQCs3j6mQFjzxfOUf8a', '2026-06-10 08:35:13', '2026-06-10 08:35:13');
INSERT INTO `users` VALUES (12, 'demo_test', 'demo@test.com', '$2b$12$wK5DT3/ACrti7VLg2gHV1OixkjrnLjclmyC1VN8vKdnv8l5y5ZspW', '2026-06-10 08:35:52', '2026-06-10 08:35:52');
INSERT INTO `users` VALUES (13, 'qq', 'as123@qq.com', '$2b$12$ZSKONWgC9Cc733Q7RQQYEO9xt2LcQWMV7RSTFct9GdDeMC7uzH/v2', '2026-06-18 05:00:25', '2026-06-18 05:00:25');
INSERT INTO `users` VALUES (14, 'cc', 'asad@qq.com', '$2b$12$PNgSF/3vYgvQgU1D/dg99OKhpPohYmj6W33waTN2qP53mUldm6IhO', '2026-06-21 04:55:05', '2026-06-21 04:55:05');

SET FOREIGN_KEY_CHECKS = 1;
